Year,b_1p0200,b_1p0203,b_1p0205,b_1p0208,b_1p0210,b_1p0212,b_1p0215,b_1p0217,b_1p0220,b_1p0223,b_1p0225,b_1p0228,b_1p0230,b_1p0232,b_1p0235,b_1p0237,b_1p0240,b_1p0243,b_1p0245,b_1p0248,b_1p0250,b_1p0252,b_1p0255,b_1p0257,b_1p0260,b_1p0263,b_1p0265,b_1p0268,b_1p0270,b_1p0272,b_1p0275,b_1p0277,b_1p0280,b_1p0283,b_1p0285,b_1p0288,b_1p0290,b_1p0292,b_1p0295,b_1p0297,b_1p0300
1970,1.04298218939175,1.0427147665241,1.04244775654111,1.04218116016656,1.04191497811767,1.0416492111051,1.04138385983282,1.04111892499804,1.04085440729115,1.04059030739563,1.04032662598799,1.04006336373768,1.03980052130704,1.03953809935119,1.03927609851801,1.03901451944803,1.03875336277438,1.03849262912269,1.03823231911108,1.03797243335004,1.0377129724424,1.03745393698322,1.03719532755978,1.03693714475148,1.03667938912978,1.03642206125816,1.03616516169204,1.03590869097872,1.03565264965732,1.03539703825875,1.0351418573056,1.03488710731216,1.03463278878426,1.03437890221933,1.03412544810627,1.03387242692541,1.03361983914849,1.03336768523858,1.03311596565005,1.0328646808285,1.03261383121073
1971,1.04298218939175,1.0427147665241,1.04244775654111,1.04218116016656,1.04191497811767,1.0416492111051,1.04138385983282,1.04111892499804,1.04085440729115,1.04059030739563,1.04032662598799,1.04006336373768,1.03980052130704,1.03953809935119,1.03927609851801,1.03901451944803,1.03875336277438,1.03849262912269,1.03823231911108,1.03797243335004,1.0377129724424,1.03745393698322,1.03719532755978,1.03693714475148,1.03667938912978,1.03642206125816,1.03616516169204,1.03590869097872,1.03565264965732,1.03539703825875,1.0351418573056,1.03488710731216,1.03463278878426,1.03437890221933,1.03412544810627,1.03387242692541,1.03361983914849,1.03336768523858,1.03311596565005,1.0328646808285,1.03261383121073
1972,1.0428938420798,1.04262648316947,1.04235953687139,1.04209300391022,1.04182688500413,1.04156118086466,1.04129589219667,1.04103101969828,1.04076656406077,1.04050252596851,1.04023890609889,1.03997570512226,1.03971292370181,1.03945056249355,1.03918862214624,1.03892710330125,1.03866600659258,1.03840533264673,1.03814508208266,1.0378852555117,1.03762585353753,1.03736687675604,1.03710832575534,1.03685020111565,1.03659250340927,1.03633523320046,1.03607839104547,1.03582197749239,1.03556599308114,1.03531043834341,1.03505531380258,1.03480061997369,1.03454635736338,1.0342925264698,1.03403912778262,1.03378616178292,1.03353362894317,1.03328152972717,1.03302986459002,1.03277863397802,1.0325278383287
1973,1.04274124356653,1.04247398005939,1.04220712872073,1.04194069027674,1.04167466544708,1.0414090549448,1.04114385947627,1.04087907974108,1.04061471643199,1.04035077023486,1.04008724182854,1.03982413188483,1.03956144106839,1.03929917003666,1.03903731943983,1.0387758899207,1.03851488211469,1.0382542966497,1.03799413414609,1.03773439521658,1.03747508046621,1.03721619049226,1.03695772588418,1.03669968722353,1.03644207508395,1.03618489003102,1.03592813262229,1.03567180340715,1.03541590292682,1.03516043171424,1.03490539029406,1.03465077918257,1.03439659888762,1.03414284990861,1.03388953273639,1.03363664785324,1.03338419573281,1.03313217684006,1.03288059163122,1.03262944055376,1.03237872404629
1974,1.04254548437768,1.04227832740186,1.04201158205881,1.04174524907656,1.0414793291766,1.04121382307381,1.04094873147635,1.04068405508563,1.0404197945962,1.04015595069569,1.03989252406474,1.03962951537688,1.03936692529854,1.03910475448889,1.03884300359983,1.03858167327589,1.03832076415417,1.03806027686425,1.03780021202817,1.03754057026031,1.03728135216733,1.03702255834815,1.03676418939382,1.0365062458875,1.0362487284044,1.03599163751167,1.0357349737684,1.03547873772552,1.03522292992573,1.03496755090349,1.03471260118491,1.03445808128774,1.03420399172127,1.03395033298631,1.03369710557512,1.03344430997134,1.03319194665,1.03294001607739,1.03268851871107,1.03243745499978,1.03218682538344
1975,1.04232593513238,1.04205888258732,1.04179224111453,1.04152601144396,1.04126019429902,1.04099479039646,1.04072980044635,1.04046522515197,1.04020106520972,1.03993732130909,1.03967399413254,1.03941108435543,1.03914859264599,1.03888651966518,1.03862486606668,1.03836363249678,1.03810281959432,1.03784242799061,1.03758245830939,1.03732291116674,1.03706378717099,1.03680508692272,1.03654681101461,1.03628896003146,1.03603153455006,1.03577453513915,1.03551796235937,1.03526181676319,1.03500609889484,1.03475080929027,1.03449594847707,1.03424151697443,1.03398751529309,1.03373394393526,1.03348080339457,1.03322809415606,1.03297581669606,1.03272397148219,1.03247255897329,1.03222157961939,1.03197103386163
1976,1.04210052213503,1.04183356295153,1.04156701431292,1.04130087695092,1.04103515159073,1.04076983895088,1.04050493974319,1.0402404546727,1.03997638443753,1.03971272972888,1.03944949123092,1.03918666962071,1.03892426556812,1.03866227973578,1.03840071277901,1.03813956534571,1.03787883807633,1.03761853160376,1.0373586465533,1.03709918354257,1.03684014318146,1.03658152607201,1.03632333280843,1.03606556397696,1.03580822015584,1.03555130191524,1.0352948098172,1.03503874441557,1.03478310625593,1.03452789587558,1.0342731138034,1.0340187605599,1.03376483665705,1.03351134259831,1.03325827887854,1.03300564598395,1.03275344439205,1.03250167457159,1.03225033698253,1.03199943207597,1.03174896029412
1977,1.04188535452648,1.04161847175723,1.04135199908625,1.04108593724678,1.04082028696551,1.04055504896247,1.04029022395094,1.04002581263741,1.03976181572146,1.03949823389572,1.03923506784576,1.03897231825003,1.0387099857798,1.03844807109906,1.03818657486447,1.03792549772526,1.03766484032318,1.03740460329244,1.03714478725961,1.03688539284356,1.0366264206554,1.03636787129842,1.03610974536799,1.03585204345156,1.03559476612851,1.03533791397014,1.03508148753961,1.03482548739186,1.03456991407354,1.03431476812299,1.03406005007013,1.03380576043644,1.03355189973489,1.03329846846989,1.03304546713722,1.032792896224,1.03254075620861,1.03228904756066,1.03203777074094,1.03178692620135,1.03153651438486
1978,1.04169386989918,1.04142704373014,1.04116062732788,1.04089462142675,1.04062902675452,1.04036384403228,1.0400990739744,1.03983471728838,1.03957077467484,1.03930724682743,1.03904413443273,1.03878143817016,1.03851915871197,1.03825729672311,1.03799585286117,1.03773482777631,1.03747422211119,1.03721403650091,1.03695427157289,1.03669492794688,1.03643600623483,1.03617750704083,1.03591943096107,1.03566177858376,1.03540455048906,1.03514774724901,1.03489136942748,1.03463541758013,1.03437989225428,1.03412479398894,1.03387012331467,1.03361588075357,1.03336206681921,1.03310868201658,1.032855726842,1.03260320178314,1.03235110731887,1.03209944391931,1.0318482120457,1.03159741215038,1.03134704467676
1979,1.04153572028172,1.04126893155859,1.04100255240324,1.0407365835506,1.04047102572902,1.04020587966015,1.03994114605889,1.03967682563329,1.0394129190845,1.03914942710666,1.03888635038685,1.038623689605,1.0383614454338,1.03809961853867,1.03783820957764,1.0375772192013,1.03731664805272,1.0370564967674,1.03679676597316,1.0365374562901,1.03627856833053,1.03602010269889,1.03576205999168,1.03550444079742,1.03524724569655,1.0349904752614,1.03473413005611,1.03447821063654,1.03422271755028,1.03396765133651,1.03371301252599,1.033458801641,1.03320501919526,1.03295166569389,1.03269874163334,1.03244624750135,1.03219418377691,1.03194255093018,1.03169134942243,1.03144057970605,1.03119024222444
1980,1.04141481315409,1.04114804824091,1.04088169282376,1.0406157476376,1.04035021341076,1.04008509086487,1.03982038071482,1.03955608366861,1.03929220042736,1.03902873168515,1.03876567812899,1.03850304043872,1.03824081928697,1.03797901533904,1.03771762925286,1.03745666167889,1.03719611326007,1.03693598463175,1.03667627642159,1.03641698924954,1.03615812372771,1.03589968046034,1.03564166004375,1.03538406306622,1.03512689010797,1.03487014174109,1.03461381852945,1.03435792102865,1.034102449786,1.03384740534038,1.03359278822225,1.03333859895356,1.0330848380477,1.03283150600943,1.03257860333486,1.03232613051135,1.03207408801749,1.03182247632304,1.03157129588886,1.03132054716691,1.03107023060014
1981,1.04132660825941,1.04105986572977,1.04079353271757,1.04052760995717,1.04026209817631,1.03999699809605,1.03973231043065,1.03946803588754,1.03920417516718,1.03894072896304,1.0386776979615,1.03841508284177,1.03815288427579,1.03789110292823,1.03762973945633,1.03736879450988,1.03710826873115,1.03684816275478,1.03658847720773,1.03632921270923,1.03607036987067,1.03581194929558,1.03555395157951,1.03529637731002,1.03503922706657,1.03478250142047,1.03452620093483,1.03427032616448,1.03401487765591,1.03375985594722,1.03350526156807,1.03325109503957,1.03299735687431,1.0327440475762,1.03249116764051,1.03223871755376,1.03198669779367,1.03173510882913,1.03148395112014,1.03123322511776,1.03098293126404
1982,1.04125593849685,1.04098923690215,1.04072294487376,1.04045706314495,1.04019159244239,1.03992653348602,1.03966188698901,1.03939765365765,1.03913383419132,1.03887042928233,1.03860743961594,1.03834486587022,1.03808270871596,1.03782096881668,1.03755964682847,1.03729874339996,1.03703825917222,1.03677819477873,1.03651855084528,1.03625932798989,1.03600052682277,1.03574214794625,1.03548419195467,1.03522665943438,1.03496955096361,1.03471286711248,1.03445660844284,1.03420077550831,1.03394536885413,1.03369038901717,1.03343583652582,1.03318171189997,1.03292801565092,1.03267474828135,1.03242191028524,1.03216950214785,1.03191752434562,1.03166597734618,1.03141486160822,1.03116417758153,1.03091392570687
1983,1.04117755347326,1.04091093747648,1.040644731032,1.04037893487168,1.0401135497207,1.03984857629757,1.03958401531398,1.03931986747479,1.03905613347786,1.03879281401406,1.03852990976714,1.03826742141369,1.03800534962302,1.03774369505713,1.03748245837062,1.0372216402106,1.03696124121664,1.03670126202069,1.03644170324702,1.03618256551213,1.03592384942469,1.0356655555855,1.03540768458736,1.03515023701508,1.03489321344535,1.03463661444673,1.03438044057952,1.03412469239578,1.03386937043921,1.0336144752451,1.03336000734029,1.03310596724309,1.03285235546325,1.03259917250186,1.03234641885134,1.03209409499538,1.03184220140884,1.03159073855776,1.03133970689927,1.03108910688157,1.03083893894384
1984,1.04106041640242,1.04079395780696,1.04052790858861,1.04026226947761,1.03999704119755,1.0397322244653,1.03946781999095,1.0392038284777,1.03894025062181,1.03867708711248,1.03841433863183,1.03815200585478,1.037890089449,1.03762859007482,1.03736750838517,1.03710684502548,1.03684660063365,1.03658677583995,1.03632737126695,1.03606838752947,1.03580982523448,1.03555168498107,1.03529396736037,1.03503667295544,1.03477980234129,1.03452335608475,1.03426733474441,1.03401173887062,1.03375656900534,1.03350182568214,1.03324750942614,1.03299362075392,1.03274016017349,1.03248712818422,1.03223452527679,1.03198235193314,1.03173060862641,1.03147929582089,1.03122841397199,1.03097796352614,1.03072794492081
1985,1.04087424775085,1.04060803980535,1.04034224081425,1.04007685150621,1.03981187260322,1.03954730482055,1.03928314886667,1.03901940544315,1.03875607524462,1.03849315895865,1.03823065726571,1.03796857083907,1.03770690034473,1.03744564644135,1.03718480978019,1.03692439100501,1.03666439075201,1.03640480964976,1.03614564831914,1.03588690737325,1.03562858741737,1.03537068904885,1.03511321285708,1.03485615942343,1.03459952932113,1.0343433231153,1.03408754136277,1.03383218461213,1.03357725340359,1.03332274826897,1.03306866973161,1.03281501830631,1.03256179449932,1.03230899880822,1.03205663172192,1.03180469372056,1.0315531852755,1.03130210684923,1.03105145889536,1.03080124185853,1.03055145617439
1986,1.04059665956241,1.04033080521643,1.04006535909948,1.03980032193871,1.03953569445463,1.03927147736099,1.03900767136473,1.03874427716591,1.03848129545758,1.03821872692579,1.03795657224942,1.03769483210017,1.03743350714246,1.03717259803334,1.03691210542246,1.03665202995197,1.03639237225642,1.03613313296276,1.03587431269021,1.03561591205021,1.03535793164635,1.03510037207431,1.0348432339218,1.03458651776846,1.03433022418584,1.03407435373729,1.03381890697796,1.03356388445467,1.03330928670588,1.03305511426165,1.03280136764355,1.0325480473646,1.03229515392926,1.03204268783332,1.03179064956387,1.03153903959925,1.03128785840897,1.03103710645372,1.03078678418524,1.03053689204634,1.0302874304708
1987,1.04021769195421,1.03995228988962,1.03968729501261,1.03942270804891,1.0391585297176,1.03889476073099,1.03863140179455,1.03836845360687,1.03810591685952,1.03784379223702,1.03758208041674,1.03732078206883,1.03705989785615,1.0367994284342,1.03653937445101,1.03627973654714,1.03602051535552,1.03576171150146,1.03550332560252,1.03524535826847,1.03498781010122,1.03473068169475,1.03447397363503,1.03421768649999,1.0339618208594,1.03370637727487,1.03345135629974,1.03319675847903,1.0329425843494,1.03268883443906,1.03243550926772,1.03218260934656,1.03193013517814,1.03167808725635,1.03142646606636,1.03117527208457,1.03092450577858,1.03067416760707,1.03042425801982,1.03017477745764,1.02992572635229
1988,1.03973947970942,1.03947461314735,1.03921015244006,1.03894609831181,1.03868245148019,1.03841921265602,1.03815638254326,1.03789396183893,1.03763195123304,1.03737035140853,1.03710916304114,1.03684838679941,1.03658802334453,1.03632807333031,1.0360685374031,1.03580941620172,1.03555071035735,1.03529242049353,1.03503454722602,1.03477709116277,1.03452005290385,1.03426343304137,1.0340072321594,1.03375145083396,1.03349608963288,1.03324114911579,1.03298662983405,1.03273253233067,1.03247885714025,1.03222560478894,1.03197277579438,1.03172037066561,1.03146838990305,1.03121683399843,1.03096570343473,1.03071499868613,1.03046472021797,1.03021486848668,1.02996544393974,1.02971644701564,1.02946787814379
1989,1.03917294611346,1.03890867594005,1.03864481004727,1.03838134915774,1.03811829398738,1.03785564524526,1.03759340363361,1.03733156984768,1.03707014457568,1.0368091284987,1.03654852229064,1.03628832661813,1.03602854214045,1.03576916950945,1.0355102093695,1.0352516623574,1.0349935291023,1.03473581022563,1.03447850634107,1.03422161805442,1.03396514596357,1.03370909065841,1.03345345272079,1.03319823272444,1.03294343123489,1.03268904880942,1.03243508599702,1.03218154333828,1.03192842136537,1.03167572060195,1.03142344156314,1.03117158475543,1.03092015067666,1.03066913981592,1.03041855265356,1.03016838966105,1.02991865130099,1.02966933802707,1.02942045028394,1.02917198850726,1.02892395312357
1990,1.03853458689699,1.03827095076025,1.03800771715519,1.03774488680243,1.03748246041579,1.03722043870229,1.03695882236201,1.03669761208804,1.0364368085664,1.03617641247593,1.03591642448827,1.03565684526774,1.03539767547125,1.03513891574829,1.03488056674079,1.03462262908306,1.03436510340178,1.03410799031581,1.03385129043625,1.03359500436626,1.03333913270106,1.03308367602784,1.03282863492568,1.03257400996551,1.03231980171002,1.03206601071362,1.03181263752234,1.03155968267382,1.03130714669719,1.03105503011307,1.03080333343345,1.03055205716167,1.03030120179238,1.03005076781141,1.02980075569581,1.02955116591372,1.02930199892436,1.02905325517795,1.02880493511569,1.02855703916968,1.0283095677629
1991,1.03784289359306,1.03757990731368,1.0373173217119,1.03705513750583,1.03679335540677,1.03653197611914,1.03627100034041,1.03601042876098,1.03575026206417,1.03549050092606,1.03523114601548,1.0349721979939,1.03471365751535,1.03445552522635,1.03419780176587,1.03394048776517,1.03368358384784,1.03342709062961,1.03317100871839,1.03291533871412,1.03266008120872,1.03240523678604,1.0321508060218,1.03189678948346,1.03164318773023,1.03139000131298,1.03113723077413,1.03088487664767,1.03063293945904,1.03038141972506,1.03013031795393,1.02987963464512,1.02962937028933,1.02937952536843,1.02913010035539,1.02888109571428,1.02863251190015,1.028384349359,1.02813660852775,1.02788928983418,1.02764239369685
1992,1.03711600261244,1.03685366410321,1.03659172437755,1.03633018415051,1.03606904413031,1.03580830501821,1.03554796750848,1.03528803228829,1.03502850003765,1.03476937142931,1.03451064712869,1.0342523277938,1.03399441407517,1.03373690661577,1.03347980605093,1.03322311300827,1.03296682810762,1.03271095196095,1.03245548517232,1.03220042833777,1.03194578204527,1.03169154687465,1.03143772339753,1.03118431217727,1.03093131376887,1.03067872871891,1.03042655756553,1.03017480083831,1.02992345905824,1.02967253273765,1.02942202238015,1.02917192848056,1.02892225152487,1.0286729919902,1.02842415034467,1.02817572704743,1.02792772254856,1.02768013728903,1.02743297170065,1.02718622620599,1.0269399012184
1993,1.03637000048488,1.03610829463803,1.03584698569564,1.03558607436913,1.03532556136304,1.03506544737492,1.03480573309525,1.03454641920735,1.03428750638734,1.03402899530401,1.03377088661877,1.03351318098557,1.03325587905079,1.03299898145322,1.03274248882392,1.03248640178621,1.03223072095553,1.03197544693942,1.03172058033743,1.03146612174102,1.03121207173353,1.03095843089009,1.03070519977755,1.03045237895442,1.03019996897081,1.02994797036832,1.02969638368005,1.02944520943047,1.02919444813537,1.02894410030184,1.02869416642815,1.02844464700373,1.0281955425091,1.02794685341581,1.02769858018638,1.02745072327426,1.02720328312375,1.02695626016998,1.02670965483882,1.02646346754687,1.02621769870136
1994,1.03561787040058,1.0353567738173,1.03509607231548,1.03483576660235,1.03457585737823,1.03431634533636,1.03405723116288,1.03379851553671,1.03354019912948,1.03328228260544,1.03302476662141,1.03276765182666,1.03251093886285,1.03225462836397,1.03199872095623,1.031743217258,1.03148811787974,1.03123342342392,1.03097913448494,1.03072525164907,1.03047177549436,1.0302187065906,1.02996604549922,1.02971379277324,1.02946194895719,1.02921051458704,1.02895949019016,1.02870887628523,1.02845867338218,1.02820888198214,1.02795950257736,1.02771053565117,1.02746198167791,1.02721384112286,1.02696611444221,1.02671880208297,1.02647190448294,1.02622542207067,1.02597935526535,1.02573370447683,1.0254884701055
1995,1.03486920621359,1.03460869082977,1.03434856878754,1.03408884078946,1.03382950753109,1.03357056970089,1.03331202798012,1.03305388304276,1.03279613555544,1.03253878617737,1.0322818355602,1.03202528434803,1.03176913317723,1.03151338267646,1.03125803346652,1.0310030861603,1.03074854136269,1.03049439967055,1.03024066167258,1.02998732794927,1.02973439907283,1.02948187560712,1.02922975810757,1.02897804712112,1.02872674318613,1.02847584683236,1.02822535858086,1.02797527894391,1.02772560842496,1.0274763475186,1.02722749671043,1.02697905647707,1.02673102728604,1.02648340959574,1.02623620385538,1.02598941050493,1.02574302997503,1.025497062687,1.02525150905272,1.02500636947461,1.0247616443456
1996,1.0341303198486,1.03387035519359,1.03361078223693,1.0333516016761,1.03309281420146,1.03283442049623,1.03257642123636,1.03231881709044,1.03206160871967,1.03180479677771,1.03154838191065,1.0312923647569,1.03103674594713,1.03078152610417,1.03052670584295,1.0302722857704,1.0300182664854,1.02976464857868,1.02951143263278,1.02925861922193,1.02900620891199,1.02875420226042,1.02850259981615,1.02825140211955,1.02800060970233,1.0277502230875,1.0275002427893,1.0272506693131,1.02700150315538,1.02675274480364,1.02650439473634,1.02625645342285,1.02600892132336,1.02576179888887,1.02551508656108,1.02526878477236,1.02502289394569,1.02477741449459,1.0245323468231,1.02428769132569,1.02404344838723
1997,1.03340380461167,1.0331443593078,1.03288530415295,1.0326266398391,1.03236836705111,1.03211048646655,1.03185299875571,1.03159590458144,1.03133920459911,1.03108289945648,1.03082698979369,1.0305714762431,1.03031635942927,1.03006163996884,1.02980731847047,1.02955339553476,1.02929987175416,1.02904674771291,1.02879402398696,1.02854170114389,1.02828977974283,1.02803826033441,1.02778714346066,1.02753642965495,1.02728611944195,1.02703621333751,1.02678671184862,1.02653761547333,1.02628892470072,1.02604064001079,1.0257927618744,1.02554529075326,1.0252982270998,1.02505157135716,1.02480532395909,1.02455948532993,1.02431405588453,1.02406903602821,1.02382442615667,1.02358022665599,1.02333643790254
1998,1.03268881660375,1.0324298589969,1.03217129006498,1.03191311049424,1.03165532096368,1.03139792214501,1.03114091470253,1.03088429929305,1.03062807656582,1.03037224716243,1.03011681171672,1.02986177085473,1.02960712519458,1.02935287534642,1.02909902191232,1.02884556548621,1.02859250665383,1.02833984599257,1.02808758407147,1.02783572145114,1.02758425868362,1.02733319631239,1.02708253487223,1.0268322748892,1.02658241688052,1.02633296135456,1.02608390881069,1.02583525973931,1.02558701462171,1.02533917393001,1.02509173812714,1.02484470766676,1.02459808299314,1.02435186454119,1.02410605273635,1.02386064799452,1.02361565072204,1.02337106131559,1.02312688016219,1.02288310763909,1.02263974411374
1999,1.03198219629288,1.03172369417305,1.03146557929932,1.03120785235198,1.03095051400397,1.03069356492087,1.03043700576078,1.03018083717423,1.02992505980411,1.02966967428556,1.02941468124591,1.0291600813046,1.02890587507306,1.02865206315468,1.02839864614467,1.02814562463004,1.02789299918948,1.02764077039329,1.02738893880334,1.02713750497291,1.0268864694467,1.02663583276072,1.02638559544219,1.02613575800954,1.02588632097224,1.02563728483084,1.02538865007679,1.02514041719245,1.02489258665102,1.0246451589164,1.02439813444322,1.02415151367672,1.02390529705269,1.02365948499742,1.02341407792764,1.02316907625046,1.02292448036331,1.02268029065387,1.02243650750003,1.02219313126983,1.02195016232141
2000,1.03127915176371,1.03102107193784,1.03076337793513,1.03050607042967,1.03024915008817,1.02999261756987,1.02973647352646,1.02948071860197,1.0292253534327,1.02897037864713,1.02871579486584,1.02846160270139,1.02820780275832,1.02795439563296,1.02770138191343,1.02744876217953,1.02719653700265,1.02694470694572,1.02669327256308,1.02644223440046,1.02619159299488,1.02594134887455,1.02569150255886,1.02544205455822,1.02519300537407,1.02494435549874,1.02469610541544,1.02444825559815,1.02420080651155,1.02395375861099,1.02370711234239,1.02346086814219,1.02321502643727,1.0229695876449,1.0227245521727,1.02247992041852,1.02223569277046,1.02199186960672,1.02174845129563,1.02150543819555,1.02126283065479
2001,1.0305741430016,1.03031645084001,1.03005914303891,1.02980222026601,1.02954568318155,1.02928953243821,1.02903376868102,1.02877839254727,1.02852340466643,1.02826880566004,1.02801459614164,1.02776077671671,1.02750734798251,1.02725431052808,1.02700166493412,1.02674941177289,1.02649755160816,1.02624608499512,1.02599501248028,1.02574433460143,1.02549405188752,1.02524416485864,1.02499467402586,1.02474557989125,1.02449688294774,1.02424858367907,1.02400068255971,1.02375318005482,1.02350607662013,1.02325937270192,1.02301306873692,1.02276716515226,1.0225216623654,1.02227656078407,1.02203186080619,1.02178756281983,1.02154366720316,1.02130017432435,1.02105708454154,1.02081439820278,1.02057211564596
2002,1.02986165980936,1.02960431895164,1.02934736090319,1.02909078632507,1.02883459587075,1.02857879018604,1.02832336990899,1.02806833566983,1.02781368809082,1.02755942778622,1.02730555536219,1.02705207141667,1.02679897653932,1.02654627131145,1.02629395630589,1.02604203208696,1.02579049921034,1.02553935822302,1.02528860966319,1.02503825406021,1.02478829193447,1.02453872379735,1.02428955015113,1.02404077148894,1.02379238829463,1.02354440104276,1.02329681019846,1.02304961621743,1.02280281954581,1.02255642062015,1.02231041986731,1.02206481770442,1.0218196145388,1.02157481076787,1.02133040677916,1.02108640295015,1.02084279964829,1.02059959723089,1.02035679604508,1.02011439642774,1.01987239870547
2003,1.02913636278832,1.02887933529466,1.0286226889184,1.02836642431347,1.02811054212612,1.02785504299484,1.02759992755022,1.02734519641489,1.02709085020345,1.02683688952231,1.02658331496968,1.02633012713544,1.02607732660103,1.02582491393943,1.025572889715,1.02532125448346,1.02507000879175,1.02481915317797,1.02456868817131,1.02431861429196,1.02406893205102,1.02381964195041,1.02357074448283,1.02332224013165,1.02307412937084,1.0228264126649,1.02257909046878,1.02233216322781,1.02208563137763,1.0218394953441,1.02159375554326,1.02134841238124,1.02110346625419,1.02085891754823,1.02061476663935,1.02037101389339,1.02012765966595,1.01988470430233,1.01964214813746,1.01939999149587,1.0191582346916
2004,1.02839291256578,1.02813615936114,1.02787978538399,1.02762379128049,1.02736817768898,1.02711294523986,1.02685809455555,1.02660362625034,1.02634954093033,1.02609583919333,1.02584252162875,1.02558958881754,1.02533704133209,1.02508487973612,1.0248331045846,1.0245817164237,1.02433071579065,1.02408010321367,1.02382987921192,1.02358004429535,1.02333059896469,1.02308154371131,1.02283287901718,1.02258460535474,1.02233672318689,1.02208923296685,1.02184213513811,1.02159543013437,1.02134911837942,1.0211032002871,1.02085767626123,1.02061254669551,1.0203678119735,1.02012347246847,1.01987952854342,1.01963598055095,1.01939282883322,1.01915007372188,1.01890771553802,1.01866575459206,1.01842419118375
2005,1.02762616070891,1.0273696417503,1.02711349986875,1.02685773570162,1.02660234987825,1.02634734301993,1.02609271573975,1.02583846864254,1.02558460232473,1.02533111737431,1.0250780143707,1.02482529388466,1.02457295647821,1.0243210027045,1.02406943310777,1.02381824822325,1.02356744857702,1.02331703468599,1.02306700705776,1.02281736619057,1.02256811257318,1.02231924668481,1.02207076899505,1.02182267996377,1.02157498004104,1.02132766966707,1.02108074927209,1.0208342192763,1.02058808008979,1.02034233211244,1.02009697573388,1.01985201133339,1.01960743927982,1.01936325993155,1.01911947363638,1.01887608073149,1.01863308154335,1.01839047638766,1.01814826556928,1.01790644938217,1.01766502810932
2006,1.02683188080789,1.02657555451154,1.02631960281722,1.02606402635196,1.0258088257346,1.0255540015757,1.02529955447746,1.02504548503356,1.02479179382913,1.02453848144059,1.02428554843559,1.02403299537292,1.02378082280236,1.02352903126465,1.02327762129134,1.02302659340474,1.0227759481178,1.02252568593401,1.02227580734733,1.02202631284211,1.02177720289295,1.02152847796467,1.02128013851217,1.02103218498037,1.02078461780415,1.02053743740819,1.02029064420697,1.02004423860462,1.01979822099489,1.01955259176102,1.01930735127571,1.01906249990098,1.01881803798816,1.01857396587777,1.01833028389943,1.01808699237185,1.01784409160267,1.01760158188847,1.01735946351463,1.0171177367553,1.01687640187332
2007,1.02600707999484,1.02575090226462,1.0254950962722,1.02523966263221,1.02498460195081,1.02472991482567,1.02447560184579,1.02422166359146,1.0239681006341,1.02371491353621,1.02346210285123,1.02320966912343,1.02295761288783,1.02270593467013,1.02245463498652,1.02220371434368,1.02195317323861,1.02170301215857,1.02145323158097,1.02120383197328,1.02095481379292,1.02070617748719,1.02045792349315,1.02021005223756,1.01996256413675,1.01971545959656,1.01946873901224,1.01922240276834,1.01897645123867,1.01873088478617,1.01848570376284,1.01824090850965,1.01799649935646,1.01775247662196,1.01750884061353,1.01726559162721,1.0170227299476,1.0167802558478,1.01653816958928,1.01629647142188,1.01605516158366
2008,1.02514963447145,1.02489355782498,1.02463784959376,1.02438251037708,1.02412754076552,1.02387294134079,1.0236187126757,1.02336485533396,1.02311136987012,1.02285825682945,1.02260551674785,1.02235315015171,1.02210115755779,1.02184953947318,1.02159829639511,1.02134742881092,1.02109693719791,1.02084682202321,1.02059708374377,1.02034772280616,1.02009873964651,1.01985013469041,1.01960190835282,1.01935406103792,1.01910659313909,1.01885950503873,1.01861279710821,1.01836646970778,1.01812052318645,1.01787495788189,1.01762977412037,1.01738497221664,1.01714055247383,1.01689651518341,1.01665286062502,1.01640958906644,1.0161667007635,1.01592419595997,1.01568207488745,1.01544033776536,1.01519898480078
2009,1.02425797220743,1.02400194508065,1.02374628250966,1.02349098507453,1.02323605334627,1.02298148788663,1.02272728924804,1.02247345797343,1.0222199945962,1.02196689964,1.0217141736187,1.0214618170362,1.02120983038638,1.02095821415294,1.02070696880929,1.02045609481846,1.02020559263296,1.01995546269467,1.01970570543473,1.01945632127346,1.01920731062019,1.01895867387317,1.01871041141951,1.01846252363498,1.01821501088399,1.01796787351941,1.01772111188251,1.01747472630284,1.01722871709811,1.0169830845741,1.01673782902455,1.01649295073106,1.01624844996297,1.0160043269773,1.01576058201858,1.01551721531881,1.01527422709733,1.01503161756073,1.01478938690276,1.01454753530418,1.01430606293274
2010,1.02333115291009,1.02307511912266,1.02281944540493,1.02256413231262,1.02230918039185,1.02205459017904,1.02180036220074,1.02154649697353,1.02129299500387,1.02103985678801,1.02078708281179,1.02053467355058,1.02028262946912,1.02003095102142,1.01977963865057,1.01952869278869,1.01927811385676,1.0190279022645,1.01877805841026,1.01852858268087,1.01827947545154,1.01803073708571,1.01778236793497,1.01753436833888,1.0172867386249,1.01703947910821,1.01679259009167,1.01654607186562,1.01629992470778,1.01605414888317,1.01580874464395,1.01556371222929,1.01531905186531,1.01507476376487,1.01483084812756,1.01458730513949,1.01434413497322,1.01410133778762,1.01385891372779,1.01361686292489,1.01337518549607
2011,1.0223693199849,1.02211321840463,1.02185747168368,1.02160208034664,1.02134704490787,1.02109236587138,1.02083804373066,1.02058407896858,1.02033047205718,1.02007722345761,1.01982433361991,1.01957180298292,1.0193196319741,1.01906782100941,1.01881637049316,1.01856528081786,1.0183145523641,1.01806418550038,1.01781418058298,1.01756453795581,1.0173152579503,1.01706634088521,1.01681778706652,1.01656959678726,1.01632177032743,1.01607430795377,1.01582720991969,1.01558047646509,1.01533410781624,1.01508810418562,1.01484246577181,1.01459719275929,1.01435228531835,1.01410774360496,1.01386356776056,1.01361975791198,1.01337631417129,1.01313323663561,1.01289052538703,1.01264818049245,1.0124062020034
2012,1.02137505011277,1.02111881440102,1.02086292752582,1.02060738997203,1.02035220221349,1.02009736471283,1.01984287792137,1.0195887422789,1.01933495821354,1.01908152614158,1.01882844646731,1.01857571958286,1.01832334586803,1.01807132569014,1.01781965940383,1.01756834735094,1.01731738986031,1.01706678724765,1.01681653981533,1.01656664785224,1.01631711163362,1.01606793142089,1.0158191074615,1.01557063998871,1.01532252922149,1.0150747753643,1.01482737860694,1.01458033912438,1.0143336570766,1.01408733260837,1.01384136584916,1.01359575691287,1.01335050589775,1.01310561288616,1.01286107794442,1.01261690112263,1.01237308245451,1.01212962195718,1.01188651963103,1.0116437754595,1.01140138940893
2013,1.02035557435564,1.02009913291533,1.01984303343757,1.01958727635724,1.01933186209719,1.01907679106803,1.01882206366794,1.0185676802825,1.01831364128449,1.01805994703368,1.01780659787669,1.01755359414673,1.01730093616348,1.01704862423283,1.01679665864675,1.01654503968304,1.01629376760515,1.01604284266199,1.01579226508775,1.01554203510166,1.0152921529078,1.01504261869494,1.01479343263625,1.0145445948892,1.01429610559528,1.01404796487982,1.01380017285175,1.01355272960346,1.01330563521052,1.01305888973149,1.0128124932077,1.01256644566305,1.01232074710379,1.01207539751825,1.01183039687669,1.01158574513102,1.01134144221461,1.01109748804203,1.01085388250883,1.01061062549131,1.01036771684629
2014,1.0193228733614,1.01906615048224,1.01880976187832,1.01855370792335,1.01829798897771,1.01804260538823,1.01778755748795,1.01753284559594,1.01727847001704,1.01702443104165,1.01677072894552,1.01651736398948,1.01626433641926,1.01601164646521,1.01575929434211,1.01550728024889,1.01525560436845,1.01500426686736,1.01475326789564,1.01450260758655,1.01425228605628,1.01400230340376,1.01375265971036,1.01350335503968,1.01325438943728,1.01300576293038,1.01275747552766,1.01250952721895,1.012261917975,1.01201464774716,1.01176771646715,1.01152112404677,1.01127487037758,1.01102895533068,1.01078337875638,1.0105381404839,1.0102932403211,1.01004867805416,1.00980445344727,1.00956056624234,1.00931701615864
2015,1.01829069883823,1.01803361723802,1.0177768615107,1.01752043195735,1.01726432886419,1.01700855250227,1.01675310312725,1.01649798097912,1.0162431862819,1.01598871924345,1.01573458005511,1.0154807688915,1.01522728591017,1.01497413125141,1.01472130503785,1.01446880737429,1.01421663834733,1.0139647980251,1.01371328645696,1.01346210367322,1.01321124968478,1.01296072448289,1.01271052803878,1.01246066030336,1.01221112120691,1.01196191065875,1.01171302854687,1.01146447473764,1.01121624907545,1.01096835138236,1.01072078145774,1.01047353907791,1.01022662399581,1.00998003594057,1.00973377461717,1.00948783970604,1.0092422308627,1.00899694771728,1.00875198987422,1.00850735691175,1.00826304838154
2016,1.01727131328204,1.01701379684335,1.01675659727767,1.01649971480241,1.01624314961828,1.01598690190894,1.01573097184071,1.01547535956226,1.01522006520429,1.01496508887919,1.01471043068072,1.01445609068368,1.01420206894359,1.0139483654963,1.0136949803577,1.01344191352333,1.01318916496802,1.01293673464557,1.01268462248833,1.01243282840685,1.01218135228951,1.01193019400211,1.01167935338748,1.0114288302651,1.01117862443068,1.01092873565572,1.01067916368715,1.01042990824683,1.01018096903116,1.00993234571061,1.00968403792929,1.00943604530444,1.009188367426,1.0089410038561,1.00869395412857,1.00844721774846,1.00820079419147,1.00795468290347,1.00770888329994,1.00746339476542,1.00721821665293
2017,1.01627357973781,1.01601555541103,1.01575783845734,1.01550042899987,1.01524332714293,1.0149865329716,1.01473004655141,1.01447386792792,1.01421799712637,1.01396243415127,1.013707178986,1.01345223159242,1.01319759191046,1.0129432598577,1.01268923532895,1.01243551819583,1.01218210830629,1.01192900548422,1.01167620952895,1.01142372021482,1.01117153729068,1.01091966047943,1.01066808947751,1.01041682395441,1.01016586355216,1.0099152078848,1.00966485653786,1.00941480906779,1.00916506500142,1.00891562383539,1.00866648503558,1.00841764803647,1.00816911224056,1.00792087701776,1.0076729417047,1.00742530560413,1.00717796798419,1.00693092807775,1.00668418508171,1.00643773815623,1.00619158642402
2018,1.01530251448697,1.01504391315043,1.01478560923973,1.01452760277326,1.01426989374816,1.01401248213992,1.01375536790187,1.01349855096479,1.01324203123643,1.01298580860104,1.01272988291889,1.01247425402579,1.01221892173261,1.01196388582475,1.01170914606164,1.01145470217621,1.01120055387436,1.01094670083441,1.01069314270655,1.01043987911224,1.01018690964367,1.00993423386311,1.00968185130237,1.00942976146211,1.00917796381123,1.00892645778621,1.00867524279046,1.00842431819361,1.00817368333079,1.00792333750195,1.00767327997112,1.00742350996558,1.00717402667516,1.00692482925142,1.00667591680676,1.00642728841369,1.00617894310385,1.00593087986716,1.00568309765091,1.00543559535878,1.00518837184988
2019,1.01435981613901,1.01410057268338,1.01384161625956,1.01358294677028,1.0133245640943,1.01306646808592,1.01280865857442,1.01255113536354,1.0122938982309,1.01203694901043,1.01178028326121,1.01152390276108,1.0112678071776,1.01101199614935,1.01075646928524,1.01050122616395,1.01024626633321,1.00999158930917,1.0097371945757,1.00948308158372,1.00922924975043,1.00897569845863,1.00872242705594,1.00846943485401,1.00821672112777,1.00796428511458,1.00771212601342,1.00746024298399,1.00720863514589,1.00695730157764,1.00670624131582,1.00645545335403,1.00620493664198,1.00595469008441,1.00570471254007,1.00545500282062,1.00520555968954,1.00495638186095,1.00470746799844,1.00445881671381,1.00421042656587
2020,1.01344475071186,1.01318480366205,1.01292513275493,1.01266573776553,1.01240661844182,1.01214777450412,1.01188920564446,1.01163091152594,1.01137289178209,1.01111514790259,1.01085767568813,1.01060047656481,1.01034355004104,1.01008689559213,1.00983051265957,1.00957440065027,1.00931855893573,1.00906298685125,1.0088076836951,1.00855264872765,1.00829788117053,1.00804338020568,1.00778914497444,1.00753517457662,1.00728146806948,1.00702802446677,1.00677484273764,1.00652192180559,1.0062692605474,1.00601685779194,1.00576471579457,1.00551282634158,1.00526119157932,1.00500981013304,1.00475868057389,1.00450780141748,1.00425717112253,1.00400678808932,1.00375665065823,1.00350675354124,1.00325710207478
2021,1.01255508539819,1.01229437619259,1.0120339316572,1.01177375142539,1.01151383509997,1.01125418225245,1.01099479242232,1.01073566511627,1.01047679980745,1.01021819764417,1.009959854612,1.00970177178705,1.00944394850003,1.00918638404387,1.00892907767284,1.0086720286016,1.00841523600426,1.00815869901336,1.0079024167189,1.00764638816728,1.0073906123602,1.00713508825361,1.00687981475651,1.00662479072983,1.00637001498517,1.0061154862836,1.00586120333433,1.00560716479341,1.00535336926235,1.00509981528669,1.00484650450709,1.00459342905478,1.0043405904443,1.00408798698218,1.00383561691113,1.00358347840827,1.00333156958338,1.00307988847698,1.0028284330584,1.00257719798757,1.00232618754575
2022,1.01168800372981,1.01142647563225,1.01116520003343,1.01090417640856,1.0106434041982,1.01038288280748,1.01012261160514,1.00986258992272,1.00960281705354,1.00934329380206,1.00908401628291,1.00882498521835,1.00856619973922,1.00830765893314,1.00804936184341,1.00779130746791,1.00753349475789,1.00727592261681,1.0070185898991,1.00676149540886,1.00650463789857,1.00624801606774,1.00599162856146,1.00573547396903,1.00547955082241,1.00522385759466,1.0049683926984,1.00471315448411,1.00445814123843,1.00420335118238,1.00394878533084,1.00369443605202,1.00344030421395,1.00318638775616,1.00293268454263,1.00267919235964,1.00242590891342,1.00217283182781,1.00191995864176,1.00166728386887,1.00141481073523
2023,1.0108415703849,1.01057916705889,1.01031700325128,1.01005507825968,1.00979339134242,1.0095319417175,1.00927072856156,1.00900975100881,1.00874900814991,1.00848850043746,1.00822822405926,1.00796817937406,1.00770836528654,1.00744878065181,1.00718942427402,1.00693029490498,1.00667139124282,1.00641271193046,1.0061542555541,1.00589602064172,1.00563800566139,1.00538020901965,1.00512262905978,1.00486526405998,1.00460811223154,1.0043511717169,1.0040944405877,1.00383791684266,1.00358159840548,1.00332548312258,1.00306957135926,1.00281385560955,1.00255833606668,1.00230301024397,1.002047875565,1.00179292936075,1.00153816886668,1.00128359121967,1.00102919345484,1.00077496983372,1.00052092250489
2024,1.01001638704606,1.00975305118524,1.00948994100211,1.00922705559516,1.00896439401809,1.00870195527871,1.00843973833761,1.00817774210692,1.00791596544894,1.00765440845192,1.00739306732116,1.00713194203732,1.00687103124934,1.00661033354901,1.00634984746939,1.00608957148313,1.00582950400073,1.00556964336877,1.00530998786808,1.00505053571177,1.00479128504327,1.00453223393429,1.00427338038262,1.00401472231,1.00375625755973,1.00349798389432,1.003239898993,1.00298200044911,1.00272428576745,1.00246675236143,1.0022093999113,1.00195222092222,1.00169521487144,1.00143837877653,1.00118170954781,1.0009252039848,1.0006688587724,1.00041267047705,1.00015663554257,0.999900747860608,0.999645008458232
2025,1.00921577829447,1.0089514508014,1.00868733431827,1.00842342772198,1.00815972983844,1.00789623944116,1.00763295524975,1.00736987592835,1.00710700008406,1.0068443274255,1.00658185412115,1.00631957975619,1.00605750269247,1.00579562122593,1.00553393358467,1.00527243792692,1.0050111323389,1.00475001483264,1.00448908334374,1.00422833572898,1.00396776976387,1.00370738314012,1.00344717346297,1.00318713824846,1.00292727492052,1.00266758080806,1.00240805314176,1.00214868905089,1.00188948555993,1.00163043958499,1.00137155007699,1.00111280943568,1.00085421637144,1.00059576732856,1.00033745862282,1.00007928643693,0.99982124681573,0.999563335661093,0.999305548726691,0.999047879406871,0.998790327544805
