Year,N_y_A,N_m_A,N_o_A,psi_y_A,psi_o_A,n_m_A,psi_y_A_s,psi_o_A_s,n_m_A_s,gamma_A_path,phi_A_path
1950,NaN,NaN,NaN,0.200949041271865,0.152873549452415,NaN,0.201773084853796,0.150380012349576,0.0211096242479907,0.854864126529287,0.0446139709753808
1951,NaN,NaN,NaN,0.198504070513764,0.152238417254958,0.0198161742058088,0.19790114769663,0.150096716586157,0.0207818269464069,0.852613313246852,0.0405954272175197
1952,NaN,NaN,NaN,0.195345815118956,0.151672573947676,0.0194213661789765,0.194021901888497,0.149842213622883,0.0204540296448231,0.852164481752344,0.039669513464165
1953,NaN,NaN,NaN,0.193036910824198,0.150850967424781,0.0199883127374887,0.190134327674892,0.149662799901312,0.0201147397844692,0.85205113492293,0.0387413086893703
1954,NaN,NaN,NaN,0.189687298722509,0.149623648614142,0.0205555826189142,0.186252222067118,0.149622703360462,0.0197452980036957,0.852429917859069,0.0378223655557694
1955,NaN,NaN,NaN,0.186272303941646,0.148740413077626,0.0204805143697168,0.182416939858432,0.149797236073483,0.019325819205098,0.853427905707824,0.036940519004389
1956,NaN,NaN,NaN,0.182623772753104,0.1479841401835,0.0197854965543544,0.178704344686966,0.150261937597599,0.0188436058444339,0.855112001267317,0.0361382270341897
1957,NaN,NaN,NaN,0.175946069053158,0.149422430673658,0.0187590517932373,0.17522864355963,0.151081397752419,0.0182966858925852,0.857473879888042,0.0354712712606517
1958,NaN,NaN,NaN,0.171089152073387,0.151112224561167,0.0196774583868187,0.172138135237276,0.152300295617266,0.0176921523438426,0.860428997766917,0.0350007145023744
1959,NaN,NaN,NaN,0.166468490374034,0.152601511147152,0.0194559435798872,0.169590782027684,0.153946303980577,0.0170451397082471,0.863887622189081,0.0347709724107557
1960,NaN,NaN,NaN,0.163478888202233,0.154775482358437,0.0156735257300997,0.167733433782716,0.156034038317428,0.0163889885462505,0.867778406691027,0.0348097894856576
1961,NaN,NaN,NaN,0.163300273849691,0.156541854984829,0.0135857349878677,0.166682986321646,0.1585649393582,0.0157754115710208,0.872030026297873,0.0351257320065833
1962,NaN,NaN,NaN,0.160834885578484,0.158908080904385,0.013859772559097,0.166516734139757,0.161526302882025,0.0152516758324666,0.87654843658735,0.0357100043322215
1963,NaN,NaN,NaN,0.159193039888821,0.161912221763536,0.0138792435590089,0.167272464587507,0.164885274642056,0.0148467553292808,0.881177142251717,0.0365425306307573
1964,NaN,NaN,NaN,0.161804343694291,0.16707793885567,0.0139544409220342,0.168930406881652,0.168582958261545,0.0145749358422322,0.885707012826549,0.0375745850537489
1965,NaN,NaN,NaN,0.164412624903736,0.17229197212545,0.0147573777243059,0.171394821197633,0.172533495321827,0.0144406000455667,0.889917842641484,0.0387255397551077
1966,NaN,NaN,NaN,0.170877064996626,0.177859364654449,0.0137524634106929,0.174496624489101,0.176635480849191,0.0144428566846203,0.893661845179165,0.0399009972704409
1967,NaN,NaN,NaN,0.180269646904529,0.183064473290021,0.0135730455182269,0.178001625278975,0.180785410158837,0.0145807408052693,0.896883200385971,0.0409997212488038
1968,NaN,NaN,NaN,0.185166337389294,0.185950705538304,0.0143103733515192,0.181643321631187,0.184891450409662,0.0148474751794777,0.899611431517762,0.0419389661174437
1969,NaN,NaN,NaN,0.190524711473677,0.188992782838777,0.0125847246368571,0.185170321951028,0.188880959655275,0.0152274302622898,0.901919104030056,0.0426753328102336
1970,NaN,NaN,NaN,0.196597506398993,0.194002085345475,0.0140560904183364,0.18836779099763,0.192692454041589,0.0156952142053424,0.903832782801923,0.0431880062659022
1971,NaN,NaN,NaN,0.20044196958392,0.19797759238926,0.016907428000197,0.191076735767918,0.196269190756886,0.0162039754833078,0.905326224525573,0.0434787057116278
1972,NaN,NaN,NaN,0.197182845548884,0.200789458863158,0.0204262186270659,0.193218362728421,0.199566310407009,0.0166925599643659,0.906395865414775,0.0435822832201476
1973,NaN,NaN,NaN,0.192214947516611,0.202421646124548,0.0201833587720505,0.194797472846486,0.202554721924888,0.0171080767236719,0.907067146148746,0.0435553927747845
1974,NaN,NaN,NaN,0.193516703139597,0.203377533209552,0.0194197603030944,0.195856982644625,0.205216222997082,0.01742913882496,0.907374379082544,0.0434326229077869
1975,NaN,NaN,NaN,0.195430272491799,0.207102119615475,0.0179385237286687,0.196425152251403,0.20753067891195,0.0176647051372414,0.907319335881688,0.0432093585317614
1976,NaN,NaN,NaN,0.197105808437232,0.210175140944958,0.0168277802817255,0.196508459769948,0.209464627694806,0.0178427776045309,0.906863792136629,0.0428745947139095
1977,NaN,NaN,NaN,0.197934048706764,0.212996478140921,0.015792787351548,0.196103749549388,0.210979822162676,0.0179948445319901,0.906006772362486,0.0424258382187112
1978,NaN,NaN,NaN,0.197939801196532,0.215333311641722,0.0163137582428951,0.195213294918762,0.212045473297037,0.0181423130330628,0.904790167581278,0.0418719159838836
1979,NaN,NaN,NaN,0.194066861614646,0.218579570436708,0.0159429683460074,0.193857290169356,0.212651103485943,0.018286974428542,0.903296098706519,0.0412317175424597
1980,NaN,NaN,NaN,0.19163032134697,0.219762300909832,0.0177543408987592,0.192077724029683,0.212821751070826,0.0184106532337933,0.901664441835708,0.0405281682652452
1981,NaN,NaN,NaN,0.190237465255411,0.217039237395413,0.0209327940903536,0.189921833358521,0.212639596238218,0.0184752061334499,0.900134293825537,0.0397684991553158
1982,NaN,NaN,NaN,0.190080073732236,0.211664558835179,0.0214155370043997,0.187434726382679,0.212250944271388,0.0184382614157375,0.899006986701767,0.038953230179293
1983,NaN,NaN,NaN,0.186711169287058,0.20714893001395,0.0211307978285192,0.184667337039832,0.211842424913255,0.0182779041282781,0.898532918667589,0.0380948878157275
1984,NaN,NaN,NaN,0.182592933097708,0.206518503647828,0.0186571840365403,0.181692385216381,0.211596224479995,0.0180012085173667,0.898805856835868,0.037229198096813
1985,NaN,NaN,NaN,0.177863412137377,0.206145381610815,0.0165473723254015,0.178602323499432,0.211653387729083,0.0176405768190438,0.899765938840411,0.0363990633340786
1986,NaN,NaN,NaN,0.174435586354146,0.205444479482916,0.0158890551446726,0.175497865608096,0.212103591767583,0.017235791052655,0.901281888296443,0.0356408513503585
1987,NaN,NaN,NaN,0.171855674849475,0.207406160171572,0.0162063121116897,0.172474477152358,0.212979663773956,0.0168181086948467,0.903151037248845,0.0349768791697165
1988,NaN,NaN,NaN,0.1667293440842,0.212953606612127,0.0150561195864004,0.169618184633313,0.214250932679424,0.0164068479214088,0.90509164928303,0.0344215026714108
1989,NaN,NaN,NaN,0.163580419724629,0.215388777463571,0.0150300174285096,0.167004195816341,0.215835800727059,0.0160126658802261,0.9068427607725,0.0339838304978932
1990,NaN,NaN,NaN,0.161074560189065,0.218524207304057,0.016338699056547,0.164681459307577,0.217633798390344,0.0156344396545794,0.908266284915254,0.0336528049922767
1991,NaN,NaN,NaN,0.159187209638908,0.220925105871403,0.0166866742169615,0.162664932393234,0.219540760839385,0.015263340834921,0.909287471720266,0.0334025752521799
1992,NaN,NaN,NaN,0.159100103947836,0.22229667592603,0.0162045067627981,0.160933664791646,0.221460097246681,0.0148960253930809,0.909894689783667,0.0331989908343964
1993,NaN,NaN,NaN,0.158339048264805,0.225245370074339,0.0135831599529293,0.159434128189193,0.223307446360023,0.0145421224899461,0.910117953996012,0.0330057069770815
1994,NaN,NaN,NaN,0.156891640276735,0.227351901275902,0.0136226444306774,0.15809274874018,0.225009673498686,0.0142208543778577,0.909998777969543,0.0327936601468549
1995,NaN,NaN,NaN,0.157703445553867,0.228749638793702,0.0131679066996392,0.156823469452438,0.226512045499311,0.0139461813921108,0.909609886503556,0.0325363590118175
1996,NaN,NaN,NaN,0.159645561170069,0.230087657209689,0.0129145588463661,0.155531782933668,0.227782631266074,0.013725110876387,0.90904204534475,0.0322076983372846
1997,NaN,NaN,NaN,0.157023238485961,0.231348369855016,0.0127941809676562,0.154134011041032,0.228812391330931,0.0135570376141879,0.908385368878711,0.0317981852794066
1998,NaN,NaN,NaN,0.157690050715383,0.231807642759208,0.0131207982770128,0.152580523302553,0.229615844602252,0.0134333036289829,0.907732062729166,0.0313229749671194
1999,NaN,NaN,NaN,0.154622579305051,0.23143889820179,0.0133170796684304,0.150856672773911,0.230232157695811,0.0133382231934532,0.907180625806977,0.0308044141035492
2000,NaN,NaN,NaN,0.152235311882392,0.231827634196061,0.0137884723161827,0.148993424032047,0.230721557684721,0.0132526863015269,0.906820490244288,0.0302826489226048
2001,NaN,NaN,NaN,0.1465119408878,0.230831560076415,0.0137069104844262,0.147061160915494,0.23115794981834,0.0131578164598636,0.906718408954042,0.0298014254535572
2002,NaN,NaN,NaN,0.140683851068789,0.230951031001634,0.0139377071508436,0.145157513454547,0.231624169744699,0.0130392339673084,0.906931263455299,0.0294013275021984
2003,NaN,NaN,NaN,0.138347106721827,0.231479554100743,0.0127617543927332,0.143374339533631,0.232201584052568,0.0128886713033403,0.907480226166456,0.0290962335055754
2004,NaN,NaN,NaN,0.138805014532457,0.231104031548036,0.0129626694940339,0.141763983396795,0.232965261393572,0.0127046220077884,0.908370189812189,0.0288655695932649
2005,NaN,NaN,NaN,0.140355346394574,0.231905050272549,0.0129119966629894,0.140332423021259,0.233981141650988,0.0124866719656458,0.909589636434861,0.0286735212362341
2006,NaN,NaN,NaN,0.136347914999018,0.23530315390614,0.0124256334898755,0.139057285904621,0.235297920531814,0.012236647125427,0.911087007484939,0.028492942425448
2007,NaN,NaN,NaN,0.13775893093343,0.238703074290409,0.0119619404863336,0.137906811251082,0.236947188756539,0.0119599901572628,0.912804814918957,0.0283103466325677
2008,NaN,NaN,NaN,0.138677982112285,0.241298734526938,0.0129614920217254,0.136830782977695,0.238960033220151,0.0116641356849611,0.914749386174909,0.0281013467953605
2009,NaN,NaN,NaN,0.137374493253116,0.240171461681013,0.0115125898819552,0.135776537706829,0.241383310980632,0.0113590337262986,0.916995152696304,0.0278542015957251
2010,NaN,NaN,NaN,0.134210089004163,0.242838921090578,0.0101817126703566,0.134706292316354,0.244280543812225,0.0110636325007891,0.919629335906608,0.0275754030646232
2011,NaN,NaN,NaN,0.134889400194771,0.245661009285485,0.00921045348353428,0.133595298731292,0.247708603121141,0.0107986136641905,0.922642094659782,0.0272729088965593
2012,NaN,NaN,NaN,0.133665209379321,0.247812689503979,0.00778211346929697,0.13242033622306,0.251709165138466,0.0105763048598922,0.925972352655133,0.0269446150835708
2013,NaN,NaN,NaN,0.132263117181209,0.253946386809667,0.00833461383232664,0.13116815893799,0.256301130887042,0.0103921503105032,0.929503900405324,0.0265950091831783
2014,NaN,NaN,NaN,0.132109063560864,0.259623550082714,0.0114847646537449,0.129837925992671,0.26146975115326,0.0102166405985296,0.933047360347291,0.0262299062682046
2015,NaN,NaN,NaN,0.130107531929162,0.267489636595265,0.0116876344982303,0.128442089169847,0.267174752055138,0.0100038417050494,0.936427731706395,0.0258566627040308
2016,NaN,NaN,NaN,0.127681193645271,0.276191377511716,0.0114123021845937,0.127013041247674,0.273359993273285,0.0097157299689455,0.939519483863646,0.0254933943230938
2017,NaN,NaN,NaN,0.123279647538414,0.283477755307619,0.00887142464909696,0.125599338406673,0.279973113480447,0.00933061147227145,0.942293825591007,0.0251608240363808
2018,NaN,NaN,NaN,0.121866115498585,0.288776076632614,0.0088613244915311,0.124252934742315,0.286987248088968,0.00884027865201802,0.944820350937464,0.0248718945834294
2019,NaN,NaN,NaN,0.121184057492998,0.293605293764011,0.00969776777854559,0.123007270157614,0.294406910928853,0.00823632339090402,0.947191010283181,0.0246180500202127
2020,NaN,NaN,NaN,0.120981036526449,0.299946804833652,0.00739898904849817,0.121872737113654,0.302253212360134,0.00751216659677031,0.949447103547588,0.0243824492923645
2021,NaN,NaN,NaN,0.121456321976566,0.308313657083669,0.00594138755964585,0.1208419311515,0.310540993302369,0.00667091544991874,0.951561717960283,0.0241498677660936
2022,NaN,NaN,NaN,0.121704260643904,0.31683313327516,0.00876324523703309,0.119899408040859,0.319264464063182,0.00571614717493444,0.95346325642488,0.0239112257822081
2023,NaN,NaN,NaN,0.121576783107674,0.323976564140383,0.00960296796528698,0.119035398156346,0.328394860062671,0.00465146561080108,0.955077723277943,0.0236695607846508
2024,NaN,NaN,NaN,0.11959162112443,0.333663196302683,0.00404996779890648,0.118257598515991,0.337875856190139,0.00350810147648993,0.956352236816904,0.023444139646874
2025,NaN,NaN,NaN,0.116462416415123,0.343293434745955,-7.95073698687532e-05,0.117596104142902,0.347610189330907,0.00235667096875411,0.957243278106669,0.0232671606547819
2026,NaN,NaN,NaN,0.11417793377439,0.35952610755548,-0.00112169076821794,0.117092363238064,0.357457522818012,0.00127567376802613,0.957720838517015,0.0231648515799612
2027,NaN,NaN,NaN,0.112590372987819,0.37229534844701,-0.00200644006687162,0.116777529124065,0.367244841375922,0.000324080579034253,0.957774942314101,0.0231414838628701
2028,NaN,NaN,NaN,0.113897821130798,0.382499934369519,-0.00224111269155577,0.116654171686256,0.376814294866204,-0.000463306508189399,0.957507566433221,0.0231781017500545
2029,NaN,NaN,NaN,0.115750190838752,0.392443610037106,-0.00222004814726426,0.116687117704663,0.386055097548614,-0.00107440805227134,0.957077058266168,0.0232384107767998
2030,NaN,NaN,NaN,0.11729041893337,0.399871839780238,-0.00258122871416644,0.116814006273748,0.394914008426296,-0.0015149684931081,0.956639942047487,0.0232873425709593
2031,NaN,NaN,NaN,0.118092360121659,0.404627665525025,-0.00246386724929329,0.116962328936864,0.40339872508962,-0.00180323500929043,0.956338074435061,0.0233002133515585
2032,NaN,NaN,NaN,0.118608551640591,0.412380639673461,-0.00207254594490505,0.117063110494867,0.4115631551935,-0.00196767584543475,0.956258184079424,0.023262905090464
2033,NaN,NaN,NaN,0.11854490792777,0.420555092276984,-0.00182460127035086,0.117058389180508,0.419479204839947,-0.00204317954797656,0.956407609720923,0.0231687294779211
2034,NaN,NaN,NaN,0.117879186832946,0.428086472737959,-0.00149068337090602,0.116905015203833,0.427228165258568,-0.00206608505789727,0.956770850376597,0.0230167681543205
2035,NaN,NaN,NaN,0.117382808297826,0.433150069080635,-0.00121621524735044,0.116574090774492,0.434901393910803,-0.00207046726786508,0.957336098294046,0.0228087157721961
2036,NaN,NaN,NaN,0.117791655721351,0.440783755618655,-0.00174364599300145,0.116047142214572,0.442594891006446,-0.00208472020010022,0.958084315963729,0.0225459437734398
2037,NaN,NaN,NaN,0.116874726436883,0.448700986779549,-0.00187799867957608,0.11531571866641,0.450391259234706,-0.00212994244925367,0.95896260982079,0.0222323890504987
2038,NaN,NaN,NaN,0.115499091491071,0.455226552844608,-0.00166701026141539,0.114387102907564,0.458355111152071,-0.0022230735314939,0.959912398768702,0.0218802370336178
2039,NaN,NaN,NaN,0.113902589370324,0.461440552493674,-0.00175783769344912,0.113283885010494,0.466531361026279,-0.00237784603949464,0.960875117482962,0.0215048310471322
2040,NaN,NaN,NaN,0.112256311387185,0.471753443846036,-0.00214247470876983,0.112039809368308,0.4749324394311,-0.00260278009926962,0.961770916626498,0.0211210863737629
2041,NaN,NaN,NaN,0.111378104332361,0.484823486765395,-0.00237232019498412,0.110695023249604,0.48352587662377,-0.00290050963810403,0.962501962817947,0.0207421037731322
2042,NaN,NaN,NaN,0.109901726480486,0.49412748691631,-0.00268453625202705,0.109293323407018,0.492251409627966,-0.00326863589077265,0.963014476607811,0.0203800647278251
2043,NaN,NaN,NaN,0.107619635627406,0.504568765229554,-0.00337278797217339,0.107884495194909,0.501055320117655,-0.00369944500315849,0.963332322147603,0.0200507237126276
2044,NaN,NaN,NaN,0.105765670739833,0.509401832937712,-0.00394469269673711,0.106523125034654,0.509904622703513,-0.00417985065476563,0.963512965831947,0.0197702781248031
2045,NaN,NaN,NaN,0.103617552432724,0.52207634876886,-0.00501537977961311,0.105261764853538,0.518792303491117,-0.00469318759290837,0.963626317572685,0.0195492516169958
2046,NaN,NaN,NaN,0.102288327995829,0.529769257712796,-0.00572093576336244,0.104144651950615,0.527719406382888,-0.00522119949305525,0.963707585331144,0.0193914800638157
2047,NaN,NaN,NaN,0.102147949470099,0.536963118178539,-0.00584570319666133,0.103200551187344,0.536711694545012,-0.00574824509306386,0.963820049117956,0.0192916075648884
2048,NaN,NaN,NaN,0.101586232842974,0.544953471143582,-0.00615333451259209,0.102441186836031,0.545814686824197,-0.00626275484017146,0.964011756239196,0.0192391818474655
2049,NaN,NaN,NaN,0.102010103934406,0.553445617180969,-0.00676846977564804,0.101866630500938,0.55507759622571,-0.00675447256268791,0.964298602689243,0.0192256256713415
2050,NaN,NaN,NaN,0.101394617383718,0.562232019713101,-0.00780573201430171,0.101469666001386,0.564541512155264,-0.00721259288691337,0.964675403405381,0.0192445022093966
2051,NaN,NaN,NaN,0.100591445326009,0.570715449333572,-0.00785759110403439,0.101242477646802,0.574231196368235,-0.00762721903788815,0.965121957418248,0.019294546292742
2052,NaN,NaN,NaN,0.100530668946618,0.579780961117415,-0.00756429935343497,0.101175889892473,0.58414719227682,-0.00799285983962338,0.965600944619654,0.019373223067972
2053,NaN,NaN,NaN,0.101130116428373,0.587409076442624,-0.00766219642883409,0.101255130562634,0.594255129637086,-0.00830585251159444,0.966056743295341,0.01947340846816
2054,NaN,NaN,NaN,0.101856712183924,0.599339697564385,-0.00817701715253413,0.10145977608381,0.604473791866943,-0.0085589525797391,0.966420146339142,0.0195872822214505
2055,NaN,NaN,NaN,0.102489944999329,0.61824939012281,-0.00920462673313682,0.101768143048549,0.614659867202076,-0.00873921671436472,0.966606376121578,0.0197109483247814
2056,NaN,NaN,NaN,0.102266024699938,0.631287676503527,-0.00996744048931147,0.102162225713064,0.624629988478368,-0.00883082955249115,0.966573578686926,0.0198455340722498
2057,NaN,NaN,NaN,0.10213995265546,0.64025604506975,-0.00994260686089446,0.102629721941127,0.634227525375819,-0.00882238030282963,0.966383523178114,0.0199945029333377
2058,NaN,NaN,NaN,0.10274704413772,0.646116665149332,-0.0095404811685571,0.103159419206969,0.643356872481354,-0.00871278154164043,0.966138207633007,0.0201568361705546
2059,NaN,NaN,NaN,0.103365606775472,0.648119056162034,-0.00938135183084385,0.103736287386799,0.651978874818718,-0.00851179637851042,0.96591703605557,0.0203257698659246
2060,NaN,NaN,NaN,0.103979427592555,0.659648265110479,-0.00856321511474653,0.104341070851482,0.660076612885913,-0.00823811145925217,0.965735014577555,0.0204924675705908
2061,NaN,NaN,NaN,0.105079726654126,0.66770614891836,-0.00770648196709348,0.104950714744993,0.667611100127514,-0.00791820976821652,0.965531580654971,0.020646836289132
2062,NaN,NaN,NaN,0.105880014038506,0.680500537246452,-0.00732194115272083,0.105539322053497,0.674534127494888,-0.00758187099391796,0.9652624059668,0.0207785647329078
2063,NaN,NaN,NaN,0.106555020049273,0.683920531376502,-0.00668565654165604,0.106081829258722,0.680807449335257,-0.00725755876865851,0.96491255628352,0.0208804765057918
2064,NaN,NaN,NaN,0.106974452747507,0.687064494622026,-0.00631176374454817,0.106556480873772,0.686438398732946,-0.0069706671129676,0.964521563039563,0.0209482477098944
2065,NaN,NaN,NaN,0.107551184956024,0.69426157554266,-0.00646609595092845,0.106945985093608,0.691466370782054,-0.00674119199667161,0.96411428095945,0.0209798569758014
2066,NaN,NaN,NaN,0.107900068290787,0.702326908528318,-0.00599603570453677,0.107237680211082,0.69594492332139,-0.00658326640685879,0.963695937566714,0.0209749179185122
2067,NaN,NaN,NaN,0.108044695419116,0.707315748483505,-0.00569757413417335,0.107424798726794,0.699958235233768,-0.00650707296318695,0.963299728844093,0.0209356335545575
2068,NaN,NaN,NaN,0.108037992364025,0.710592256934632,-0.00568673929249774,0.107507096119247,0.703650553851222,-0.00651701395251245,0.963007247352352,0.0208666318924087
2069,NaN,NaN,NaN,0.107747990319174,0.705356037518285,-0.00597384674060961,0.107490511151614,0.707238102501226,-0.00660965411846201,0.962926127970557,0.0207743591564872
2070,NaN,NaN,NaN,0.107313001643708,0.701417051677785,-0.00654149214350033,0.107386034709691,0.710993067912936,-0.00677353395407834,0.963151065839432,0.0206662428360997
2071,NaN,NaN,NaN,0.107016254247691,0.705583856008983,-0.00653812468127604,0.107207162359155,0.715170528106613,-0.00699112400967349,0.963681241320426,0.0205488360246247
2072,NaN,NaN,NaN,0.107153979952817,0.712050654659185,-0.00755303467114077,0.106967009933012,0.719941768506523,-0.00724149925652153,0.964424963863059,0.0204266785227854
2073,NaN,NaN,NaN,0.106661859972572,0.719476654346212,-0.00825441856523507,0.10667759950081,0.725384111879572,-0.00750081799298483,0.965276871104421,0.0203038222966165
2074,NaN,NaN,NaN,0.106338228742217,0.72742624142247,-0.00874274577487713,0.106351864297823,0.731495657785559,-0.00774784246170577,0.966147635701132,0.0201857872070865
2075,NaN,NaN,NaN,0.105952075438603,0.735823110495511,-0.00855961316821446,0.106002923378096,0.738214589352727,-0.00796860904845265,0.966966841659187,0.0200767360854445
2076,NaN,NaN,NaN,0.105542537597491,0.744859242621353,-0.00857678678140938,0.105643691873638,0.745437714958744,-0.008158117468867,0.967681155070019,0.0199794995230113
2077,NaN,NaN,NaN,0.105278951716493,0.75429447937398,-0.00829027904441626,0.105286549257216,0.753037914018095,-0.00831772701620778,0.96825574522532,0.0198958509831053
2078,NaN,NaN,NaN,0.10475635940862,0.761470928232956,-0.0080327250259041,0.104943095434955,0.760882259879862,-0.00845256505342781,0.968677458998033,0.01982681768811
2079,NaN,NaN,NaN,0.104407670761233,0.768214795755134,-0.00811648314470101,0.104624394487281,0.768846304777702,-0.00856757213775238,0.968953013459773,0.0197735410921789
2080,NaN,NaN,NaN,0.103955271626632,0.776068379487847,-0.00835450022592116,0.104339875367732,0.776810617325317,-0.00866405600304829,0.969088726840502,0.0197363532543703
2081,NaN,NaN,NaN,0.103902605734614,0.783941240740232,-0.00897365677035458,0.104096545759355,0.784651255015913,-0.00873905880780044,0.969083229251815,0.0197149396300888
2082,NaN,NaN,NaN,0.104054704989089,0.792513579596927,-0.00869970000910253,0.103898132067896,0.792237018651368,-0.00878717369679168,0.968934274302578,0.0197079245271593
2083,NaN,NaN,NaN,0.104099562935202,0.802410614482832,-0.00870604164295866,0.103746670815402,0.799431143824817,-0.00880390519929209,0.968640709478031,0.0197147893064846
2084,NaN,NaN,NaN,0.103714047796962,0.81156214765299,-0.00965514505005335,0.103645520483145,0.806102549126303,-0.00878439898877285,0.968215247414135,0.0197377202255005
2085,NaN,NaN,NaN,0.103341968390934,0.815759024202949,-0.00878713561535113,0.103600794886932,0.812149873755472,-0.00872446036521738,0.967698595193318,0.0197805174716199
2086,NaN,NaN,NaN,0.103064674740265,0.819739111844441,-0.00908111565034206,0.103619227665599,0.817519613839939,-0.00862569899887661,0.967146534288291,0.0198448034877136
2087,NaN,NaN,NaN,0.102926702661816,0.824118817699602,-0.00864421982534916,0.103704991293679,0.822195497322672,-0.00849237921271746,0.966598339654189,0.0199289070488824
2088,NaN,NaN,NaN,0.103485110337751,0.828131894836821,-0.00809020347999878,0.103856777897509,0.826185512185096,-0.00833219324632071,0.966073856432875,0.0200274301191836
2089,NaN,NaN,NaN,0.10384577482157,0.831393304786318,-0.00791352839207049,0.104066479308791,0.829517611328102,-0.00815421513949551,0.965586462722438,0.0201324765296905
2090,NaN,NaN,NaN,0.104545797029384,0.833044838129918,-0.00784769830551327,0.104321802740781,0.832239250252654,-0.00796573979871756,0.965151116747289,0.0202376189577815
2091,NaN,NaN,NaN,0.104879709386121,0.834610914508771,-0.0078070583391559,0.104608720573028,0.834415148339112,-0.00777183523105309,0.964782916749203,0.0203382766403783
2092,NaN,NaN,NaN,0.105079705266738,0.83594821456716,-0.00757527911683228,0.104914798217878,0.836118937107797,-0.00757642865297548,0.964488891695346,0.0204329422761169
2093,NaN,NaN,NaN,0.105520331311739,0.837093811500097,-0.00727964728640371,0.105230080644227,0.837426635166598,-0.00738348381530673,0.964268925600705,0.0205212774726038
2094,NaN,NaN,NaN,0.105814554030835,0.838173031615594,-0.00711171103097924,0.105546668153755,0.838412880740139,-0.00719684121707528,0.964119031397277,0.0206030010266797
2095,NaN,NaN,NaN,0.105998487091663,0.838591157215224,-0.00682976524141876,0.105859344205715,0.839149379618143,-0.00701949686936703,0.964034536851894,0.0206789303474654
2096,NaN,NaN,NaN,0.106241445217764,0.838521991539553,-0.00660468754324126,0.106165419089427,0.839704722367155,-0.00685337929353519,0.964011804165684,0.0207503518399786
2097,NaN,NaN,NaN,0.106648160825664,0.838369733117598,-0.00654520004714859,0.106463719059786,0.840141345564556,-0.00669857736708081,0.964045541485063,0.0208182283293348
2098,NaN,NaN,NaN,0.106936803143504,0.839353708053951,-0.00658024678834548,0.106754127087449,0.840509798989476,-0.00655292765109236,0.964125862109978,0.0208835997683608
2099,NaN,NaN,NaN,0.107020534445178,0.839617597695282,-0.00657692171599339,0.107038203700732,0.840844764960524,-0.00641286118158634,0.964239257153165,0.020948480889314
2100,NaN,NaN,NaN,0.106999226942848,0.840220387798673,-0.00646707478594835,0.107319020331545,0.841168092221467,-0.00627501094704301,0.964375098740781,0.0210150293435525
