Year,N_y_MM,N_m_MM,N_o_MM,psi_y_MM,psi_o_MM,n_m_MM,psi_y_MM_s,psi_o_MM_s,n_m_MM_s,gamma_MM_path,phi_MM_path
1950,52825.936,313307.8955,51175.017,0.168607101061709,0.163337782848821,NaN,0.166549374871048,0.162638502262155,0.0119792652901969,0.858264126179393,0.0353050141197064
1951,52718.843,316826.917,52296.3055,0.166396351355463,0.165062697308638,0.0112318315323143,0.164650775089138,0.164539360973306,0.0117475619011955,0.869857354401146,0.0333455203647388
1952,52529.553,320364.898,53465.0985,0.163967879527176,0.166888129235682,0.0111669205176783,0.162775899100848,0.166448164162328,0.011515858512194,0.871311015324135,0.0329297832527778
1953,52310.3325,324099.6045,54704.204,0.161402025098738,0.168788246700869,0.011657664504805,0.160962232123184,0.168377121139439,0.0112783582878259,0.87280108717476,0.0325569025671993
1954,52167.6285,327856.0455,55944.056,0.159117482248776,0.170636036052597,0.0115903905708097,0.159258965250169,0.170342977110803,0.0110275532045745,0.874355389601881,0.0322454162642235
1955,52158.649,331619.959,57172.9515,0.157284408204152,0.172405037599079,0.0114803846128866,0.157720019658867,0.172366479852042,0.0107588495894948,0.876002917255448,0.0320097334274938
1956,52221.945,335253.2575,58338.0015,0.155768643053379,0.174011736485513,0.0109562117761433,0.156398370818456,0.174471107642277,0.010473297188338,0.87777156865573,0.0318603617087158
1957,52295.6215,338689.4015,59570.9155,0.154405839888674,0.175886565201539,0.0102493978004077,0.15534276245302,0.176680318421861,0.0101785650937363,0.879679579144883,0.0318052322177242
1958,52487.759,341953.448,60939.4995,0.153493872651344,0.178209928446167,0.00963728562377186,0.154595387032302,0.179013205349833,0.00988690830081605,0.881722955263175,0.031849647485203
1959,52912.322,345086.16,62397.7945,0.153330756585544,0.180818015129903,0.00916122360608607,0.154189213234118,0.181481390775567,0.00961145153995158,0.883877198105021,0.0319948857592594
1960,53469.297,348283.831,63924.7035,0.153522191502482,0.183541978725966,0.00926629743713847,0.154146769607099,0.184088634697459,0.00936299986822545,0.886108795357121,0.0322386752033236
1961,54005.5915,351574.025,65554.35,0.153610869005468,0.186459594106817,0.00944687552836765,0.154481897967419,0.18683195732357,0.00914874346587914,0.888383116323963,0.0325777975363656
1962,54619.366,354873.6035,67163.3055,0.153912168899877,0.189259795142808,0.00938516006693035,0.155201322626151,0.189702954008854,0.00897496526467645,0.890669529000842,0.0330087307318171
1963,55599.7905,357973.633,68684.389,0.15531811668375,0.191869966579354,0.00873558774004435,0.156302680608714,0.192689046256906,0.00885048358463227,0.892945702310122,0.0335249768167549
1964,56369.0955,361020.4205,70319.526,0.156138246756045,0.194779912733496,0.00851120646642722,0.157771803876905,0.195772665540416,0.00878718747880341,0.895188180161344,0.0341160298094694
1965,56365.98,364189.1275,72256.243,0.15477117723675,0.198403075610762,0.0087770852286182,0.159582973943788,0.198928310284291,0.00879641823999673,0.89735799641069,0.0347692894250563
1966,57304.2765,367270.229,74216.0875,0.156027556755764,0.202074880128659,0.00846016881709333,0.161689713754893,0.202121530553879,0.0088874327285183,0.899408796083209,0.0354603410537526
1967,59736.0105,370251.839,76148.9025,0.161338862384422,0.205667857601107,0.00811830027203198,0.164000861237319,0.205312589643605,0.00906817370203224,0.901311203069215,0.0361362785303868
1968,62290.076,373408.0945,77985.089,0.166815012629567,0.208846809023847,0.00852461802357163,0.166374543167394,0.208461150564368,0.00934207505947021,0.90305524177435,0.0367281376477941
1969,64735.723,376690.809,79735.1045,0.171853736415427,0.211672551054995,0.00879122479761896,0.168642169683489,0.211529839424479,0.00970407875587949,0.90464118198965,0.0371790520457451
1970,67328.886,379547.219,81645.9515,0.177392647421822,0.215114081760668,0.00758290335668876,0.170639042246748,0.214484717708386,0.0101404860804288,0.906064588921509,0.0374556693326375
1971,69060.5365,383309.764,83585.7865,0.180168999034421,0.218063285494601,0.00991324613025291,0.172234200267076,0.217294516713729,0.0106257692724676,0.907306777805423,0.0375530873425437
1972,69335.907,388709.0035,85590.541,0.178374841785727,0.220191815032141,0.0140858386795493,0.173360926902191,0.219933740358718,0.0111144414669758,0.908344048564192,0.0375003765632448
1973,69256.0735,394365.3435,87606.5925,0.175613995097417,0.222145769003153,0.0145516053116066,0.17402574893797,0.222383563460301,0.0115569143206842,0.909153961203995,0.0373482080862865
1974,69371.9305,399701.88,89629.974,0.173559179906784,0.224242062609263,0.0135319611318738,0.174284988959048,0.22462779260818,0.0119274509325778,0.909721143211748,0.0371431654627662
1975,69754.796,404614.4875,91677.809,0.172398167033008,0.226580638687585,0.0122906789930535,0.174212883843779,0.226648418174628,0.0122281842187722,0.910038399128697,0.0369151999134656
1976,70296.199,409375.3295,93677.4275,0.171715767742668,0.228830173069821,0.0117663656321747,0.173878401603747,0.228424318589259,0.0124771986552523,0.910107451228965,0.0366776098873912
1977,70910.1785,414115.632,95753.278,0.171232798331071,0.231223529374037,0.0115793555654409,0.173333427236805,0.229933949733761,0.0126945040652645,0.909941850662359,0.0364310878505116
1978,71649.2325,418853.1935,97902.182,0.171060489956608,0.233738654782395,0.0114401899709016,0.172608691058719,0.231160557419244,0.012893551373372,0.909570066464692,0.0361674882949308
1979,72526.7245,423762.094,99972.072,0.171149627413348,0.23591556067778,0.0117198593115184,0.171714530539148,0.232101094982751,0.0130766386616719,0.909048669378773,0.0358730265609918
1980,73339.0785,429348.043,101598.8875,0.170814982613068,0.236635263992574,0.0131818043168341,0.170646370123442,0.232778469355245,0.0132321155720932,0.908477493310056,0.0355327581835557
1981,74049.8675,435554.941,102569.152,0.170012690775559,0.235490732270214,0.0144565652532855,0.169393507655748,0.233252107256882,0.0133366637498337,0.908000266372334,0.0351355558100036
1982,74597.4065,441979.893,103221.278,0.16878009086264,0.2335429272571,0.0147511861195944,0.167946467798312,0.233617597477273,0.0133662272595058,0.907773935537412,0.0346764723297369
1983,75010.4225,448626.4935,103729.5005,0.16720016224365,0.231215726228616,0.0150382417962169,0.166301632061922,0.23399197093477,0.013306538471477,0.907917881137635,0.0341573568881738
1984,75325.8735,455008.3295,104658.7695,0.165548339703526,0.230015062834141,0.0142252766888809,0.164463550653593,0.234490850634301,0.0131574567599342,0.908476273834976,0.0335861670603658
1985,75420.488,460617.714,106504.8865,0.163737706361853,0.231221864168255,0.0123280918970516,0.16244605413866,0.235203503626509,0.0129346320581348,0.909399125074044,0.0329763935553646
1986,74995.2705,465946.8315,108804.1315,0.160952420812845,0.233511903385483,0.0115695018624491,0.160273965234988,0.236177680067482,0.0126627992200086,0.910566157851596,0.0323466389660253
1987,74318.9825,471392.059,111180.6915,0.157658537264413,0.235856097652252,0.0116863709159059,0.157983773080513,0.237422294890558,0.0123625657626625,0.911845029399608,0.0317176856766636
1988,73644.401,476914.0085,113624.165,0.154418615698935,0.238248747100915,0.0117141334788584,0.155618162501247,0.238918971878525,0.01204501744489,0.913127198785826,0.0311055675189061
1989,73067.811,482540.4185,116035.482,0.151423193164077,0.240467901861365,0.0117975356138025,0.153216750925075,0.240633171867352,0.0117142889131772,0.91433516830873,0.030517046210752
1990,72959.671,488234.0815,118476.087,0.149435841872911,0.24266246763439,0.0117993494051731,0.150807511031082,0.242522927466818,0.0113712884099524,0.915421277588852,0.0299489859933434
1991,73303.792,493675.2205,120981.049,0.148485864706268,0.245062024538054,0.0111445292456502,0.148402009021915,0.244544264948937,0.0110176483591788,0.916361063218671,0.0293910413482482
1992,73487.713,498919.0905,123458.7275,0.147293848640574,0.247452402304898,0.0106221049431832,0.145999695984547,0.246654743666956,0.0106582375005907,0.91714949255685,0.0288341882018332
1993,73170.691,504035.435,125853.24,0.145169735933348,0.249691254346036,0.0102548581471849,0.143600457191536,0.248816987346448,0.0102994388028512,0.917799752460472,0.0282797045248041
1994,72579.5705,508956.044,128464.742,0.142604791426743,0.25240832389054,0.00976242672303407,0.141215675802727,0.251001334630735,0.00994753047031542,0.91833833570578,0.0277400572874319
1995,71684.682,513844.632,130863.515,0.139506530837905,0.25467525950529,0.00960512810021741,0.138871819798247,0.253187723011443,0.00960811804921179,0.918801411482651,0.027233575994396
1996,70530.002,518710.157,132954.642,0.135971893066285,0.256317791748967,0.00946886412155812,0.136608421892698,0.255369540755511,0.00928548051069497,0.919241924059257,0.0267794408931817
1997,69540.421,523296.6785,135185.0955,0.132889093046288,0.258333563070762,0.00884216635842749,0.134470555930237,0.257554158261572,0.00898387379573039,0.919718113679894,0.0263918849197974
1998,68822.5855,527544.9145,137272.391,0.130458248403795,0.260209865031312,0.0081182170163534,0.132497415507294,0.259759147856336,0.00870854515346055,0.92027740388392,0.0260748304887665
1999,68382.374,531761.708,139371.984,0.128595897318729,0.262094810331849,0.00799324073476604,0.130713040099987,0.262009685549015,0.00846310248239582,0.920957365095394,0.0258213455483032
2000,68477.7455,535818.089,141696.7345,0.127800361551437,0.26444932974258,0.00762819311540186,0.129121510810562,0.264335437918333,0.00824614882964364,0.92177961579659,0.025615833925825
2001,68803.558,539794.1235,144201.633,0.127462591763469,0.267141909706247,0.00742049322638705,0.127706994789267,0.266767595294077,0.00805108904224097,0.922749393264223,0.025437966527183
2002,69063.224,544090.6865,146738.5865,0.126933295705292,0.269695089698985,0.00795963278025535,0.126440786892,0.269338888421004,0.00786531402712296,0.923865295882224,0.0252696875553287
2003,69247.027,548582.723,149212.517,0.126228960732327,0.271996384034865,0.0082560437284751,0.125291141145452,0.272085360082173,0.00767108671104882,0.925126527152989,0.025099630839705
2004,69245.6705,552983.13,151926.3465,0.12522203073356,0.274739568456636,0.00802141010919133,0.124230795501927,0.275045932090062,0.00745122833090252,0.926530416981699,0.0249235546085797
2005,69072.062,557179.401,154960.885,0.123967364687267,0.278116679693979,0.00758842498504442,0.123241301082739,0.27825901099361,0.00719361791582579,0.928065716371874,0.0247432155126363
2006,68719.079,561143.7405,158096.7735,0.122462524377032,0.281740242453974,0.00711501446910101,0.122313685144083,0.281760550880674,0.00689162353738429,0.929717738883829,0.0245635841493747
2007,68353.9375,565202.8355,161260.5245,0.120937003862572,0.285314429389482,0.00723361004861833,0.121445783576634,0.285584997426219,0.0065426078815997,0.931476983775476,0.0243894076021833
2008,68202.889,569058.328,164530.282,0.11985219378074,0.289127272028958,0.00682143163098137,0.120636800353261,0.289765964431401,0.00614726591220936,0.933337658733039,0.0242217599825236
2009,68249.624,572422.0115,167767.8085,0.119229559012163,0.29308413221283,0.00591096436778593,0.119881443005426,0.294334134261387,0.00571245684432866,0.935291022991515,0.0240568202924213
2010,68482.371,575835.2645,170709.164,0.118927018232312,0.296454862222145,0.00596282625655142,0.119167181539342,0.299313328440108,0.00525107722062446,0.937319235953471,0.0238877832074279
2011,68779.633,578542.887,174391.552,0.118884242716478,0.301432367277553,0.00470207829725577,0.118475370968203,0.304713063496859,0.00477969352458605,0.939381817771514,0.0237079017001696
2012,68882.451,580019.1285,179279.903,0.118758929861742,0.309093087091179,0.00255165439446503,0.117785339932356,0.310515979592009,0.00431986868488763,0.941401607651661,0.0235138603593062
2013,68728.97,581132.1015,184422.919,0.118267378144485,0.317351112636823,0.0019188556813261,0.117080405142205,0.316675416980886,0.00389086440770538,0.943293026254132,0.0233076771775277
2014,68383.6875,582465.295,189415.724,0.117403883264839,0.325196583600745,0.00229413156932634,0.11635312607662,0.323130748628302,0.0034965846869,0.945007369087589,0.023095640521768
2015,67820.8725,584337.864,194166.5685,0.116064483714511,0.332284762741303,0.00321490227155929,0.11560746329044,0.329826980032898,0.00312265287270674,0.946542278931869,0.0228859644064948
2016,67263.3275,586361.887,198713.0455,0.114712993786378,0.338891476246307,0.00346378888772469,0.11485722081019,0.336728303256033,0.00274343040997733,0.947927588858562,0.0226863529702138
2017,66859.466,588179.9345,203213.081,0.113671790005614,0.345494752677592,0.00310055537426157,0.114120806386062,0.343822580626401,0.0023330883444988,0.949206663031255,0.0225012836611544
2018,66640.513,589903.1705,207692.6705,0.11296856218541,0.352079257895767,0.00292977692526164,0.113415670017323,0.351119194079968,0.00187209595495316,0.950421936533564,0.0223313499255405
2019,66564.5865,591415.516,212250.2575,0.112551302255655,0.358885169154067,0.0025637182094107,0.112755242510681,0.358644043944975,0.00134908398057308,0.951608144792252,0.0221748227882202
2020,66435.101,591788.074,216588.227,0.112261642163475,0.365989509616241,0.000629942891116286,0.112148844592103,0.366432716665023,0.000763142462173473,0.952789716711611,0.0220302361289501
2021,66163.4085,591185.9345,220706.4555,0.111916411806986,0.373328326369375,-0.00101749177865329,0.111603860840616,0.37452329255173,0.000123097161637587,0.953979760561534,0.0218985232854302
2022,65854.493,591793.3145,225356.1995,0.111279548765501,0.380802205733603,0.0010273925081008,0.111128618261166,0.382949261564583,-0.000562998470591867,0.955170663161347,0.0217829643465538
2023,65496.8295,592741.451,230613.4285,0.110498142806618,0.389062428670945,0.0016021412827234,0.110733992565675,0.391731706040826,-0.00129231853348889,0.956328946557302,0.0216879943658622
2024,64887.0645,591592.6335,235792.213,0.109682002150894,0.398571922042028,-0.00193814267259673,0.110432004959706,0.400870744568757,-0.002048374777895,0.957414488699312,0.021618604773534
2025,64080.7245,589110.9855,240763.5655,0.108775300541395,0.408689655134601,-0.00419485953589027,0.110232079895724,0.410341036161189,-0.00279232464093314,0.958401769099,0.0215786721750448
2026,63517.7815,586315.0495,245755.4805,0.108333875369849,0.419152605258174,-0.00474602590822037,0.110135741758267,0.420094485708876,-0.00348207159787026,0.959279360198188,0.0215665773034007
2027,63452.325,583169.8965,250635.5835,0.108805899242778,0.429781415337511,-0.00536427131229544,0.110130408893801,0.4300664219627,-0.00408690609667516,0.960043025083401,0.0215717228476501
2028,63631.1875,579825.207,255423.547,0.109742016614328,0.440518183611842,-0.00573536034708533,0.110186683563677,0.440182571132373,-0.00458914167850176,0.960694650522782,0.0215766941466781
2029,63753.8425,576353.227,260183.5095,0.110615920087492,0.451430645845937,-0.00598797699390097,0.110262466729679,0.450365719537924,-0.00498375120073532,0.961240259363121,0.0215635991777777
2030,63752.0755,572857.656,264804.6575,0.111287812656902,0.462252105259461,-0.00606498035622194,0.110311030188457,0.46054222651218,-0.00527726722729836,0.96168914134449,0.0215189160202908
2031,63538.426,569756.307,268967.8,0.111518600530384,0.472075160372029,-0.00541382133505064,0.110288921711324,0.470649066196817,-0.00548624056280391,0.962055044451574,0.0214350260046375
2032,63047.594,566926.768,272881.662,0.111209414617022,0.481334940247521,-0.00496622672752633,0.110161931934997,0.480638920705689,-0.00563409517530121,0.962353880655682,0.0213101317567212
2033,62342.989,564017.5305,276814.0475,0.110533778878705,0.490789793811205,-0.00513159311609701,0.109907540015432,0.490478125814251,-0.00574396911999462,0.962595442595967,0.0211466889515312
2034,61619.5065,560963.62,280662.12,0.109845815848094,0.50032142904383,-0.00541456663109852,0.109513403304561,0.500140629823778,-0.00583335016753839,0.962781232319092,0.020948541262701
2035,61008.1135,557634.238,284482.434,0.109405250507592,0.51015955372525,-0.00593511215575815,0.108973719306974,0.5096039559358,-0.00591377296400799,0.962909720029188,0.0207185508282999
2036,60470.222,554104.266,288218.39,0.109131486094713,0.520151905850875,-0.00633026410404891,0.10828670475325,0.518848304898424,-0.00599295705285616,0.962980886577033,0.0204587717366893
2037,59822.1825,550626.7325,291641.221,0.108643803449917,0.529653218389647,-0.00627595511058565,0.107455464115867,0.5278601178492,-0.00607862850999649,0.963001030494586,0.0201729184655378
2038,58975.8625,547277.7765,294657.256,0.107762209671965,0.538405301023584,-0.0060820802956566,0.106491517685318,0.536638568420863,-0.00618115296352625,0.962985279915662,0.0198689060324934
2039,57970.654,543940.363,297415.873,0.106575385728453,0.546780296574535,-0.00609820760737556,0.105417949440082,0.545200073908972,-0.00631262590818529,0.962954323834582,0.0195592712130042
2040,56695.028,540707.239,299888.2515,0.104853465814243,0.554622224134861,-0.00594389425739295,0.104270349324242,0.553578627793627,-0.00648444690879476,0.962929026784228,0.0192598542278221
2041,55325.9225,537593.081,302043.3345,0.102914126791003,0.561843790731377,-0.00575941614127351,0.103095222355334,0.561823595978506,-0.00670549482559246,0.96292787329481,0.0189876384158932
2042,54112.9155,534275.322,304048.3415,0.101282827919946,0.569085505132128,-0.00617150613960393,0.101944643932515,0.569994066257495,-0.00697905473499341,0.962964265550642,0.0187569887983036
2043,52978.1605,530611.868,305946.897,0.0998435272465485,0.576592638519725,-0.00685686545709463,0.100869337465416,0.578149489748096,-0.00729977128246301,0.963043587997428,0.0185772992264923
2044,51915.716,526622.648,307798.242,0.0985823837944775,0.584475892119247,-0.00751815072481565,0.0999135378622615,0.586340612347308,-0.00765451271802685,0.963163456073662,0.0184532784436593
2045,51119.0715,522130.548,309736.0495,0.097904770551751,0.593215721023088,-0.00853001673410769,0.0991112170498723,0.594603027281652,-0.008025575685835,0.963315492375631,0.0183849621863141
2046,50433.664,517452.636,311605.2005,0.0974652760296306,0.602190768431992,-0.00895927659838802,0.0984836249466697,0.602954814244986,-0.00839444216210831,0.963488779311366,0.0183679362132423
2047,49767.52,512781.3655,313310.46,0.0970540728434485,0.611002039230694,-0.00902743589463528,0.0980399318600027,0.611400285269428,-0.00874671236656286,0.963675103184854,0.0183955048182501
2048,49308.4885,507969.138,314822.3805,0.0970698509246835,0.619766747522366,-0.00938456001673882,0.0977787597787306,0.619935601317145,-0.00907311194369833,0.963870757680162,0.01845965665754
2049,48993.677,503122.5815,316107.933,0.0973792049920144,0.628292079551591,-0.00954104518845766,0.0976891840690908,0.62855267102074,-0.00936773215522251,0.964075230851948,0.0185510501352849
2050,48682.9115,498260.7375,317294.2345,0.0977056947016621,0.636803606264481,-0.00966333887361026,0.0977533247547119,0.637241156796169,-0.00962752592757966,0.964288482065799,0.0186608548308561
2051,48375.5525,493385.5505,318385.8805,0.098048174396222,0.645308481728631,-0.00978440931240343,0.0979499408235061,0.645987945351977,-0.00985119789285718,0.9645079946751,0.0187823567690905
2052,48075.185,488537.0735,319350.585,0.0984064211454364,0.653687513850471,-0.00982695377902021,0.0982571140483745,0.65477539434415,-0.0100378731818578,0.964728283952048,0.0189108689395368
2053,47782.222,483634.2615,320276.837,0.098798256872461,0.662229421064289,-0.0100357010060159,0.0986537588812335,0.66357871785036,-0.0101859323786188,0.964940887150016,0.0190431871256731
2054,47494.3475,478623.1395,321228.934,0.0992311979517238,0.671152118419465,-0.0103613875172076,0.0991202038479928,0.672362388732145,-0.0102919703810422,0.965134109509536,0.0191770545408395
2055,47217.383,473476.5525,322245.2655,0.0997248601872423,0.68059392550384,-0.0107529005082713,0.0996381887425177,0.681077924736647,-0.010351332208651,0.965294715698737,0.0193106376717814
2056,46959.89,468302.8255,323222.9505,0.100276759914616,0.690200726751754,-0.0109271028790809,0.10019058996785,0.689665607285638,-0.0103602534625706,0.965411552641331,0.0194420390672048
2057,46719.4325,463262.7235,324005.677,0.100848676420649,0.699399413257562,-0.0107624847119356,0.100761199499136,0.698061321929213,-0.0103187450633724,0.965479789155045,0.0195689983949448
2058,46491.3255,458431.324,324529.473,0.101413937194222,0.707912954482142,-0.010429070276793,0.10133468275959,0.706205995581031,-0.0102320581767699,0.96550264794331,0.0196888607909606
2059,46278.017,453808.6575,324801.7615,0.101976937273393,0.715724030672553,-0.0100836619532568,0.10189657273483,0.714053340413478,-0.0101097180764071,0.965489484253672,0.0197986809038569
2060,46070.497,449348.769,324882.513,0.102527257618903,0.723007461938769,-0.00982768492026853,0.102433218671752,0.721573628560539,-0.00996327988765451,0.965452228177304,0.0198953896564675
2061,45856.417,445020.9665,324817.654,0.103043273130818,0.729892922921419,-0.00963127708045419,0.102931802732294,0.728753670124744,-0.00980422666961991,0.965402249173355,0.019976061069392
2062,45632.2625,440772.2995,324661.831,0.103527972496829,0.736574942137442,-0.00954711647276962,0.103380463291737,0.735594661196113,-0.00964279335753605,0.965348790302314,0.0200381446611739
2063,45393.493,436593.424,324428.8325,0.103972003481207,0.743091431674885,-0.00948080336432311,0.1037684960145,0.742109533766194,-0.00948766089638512,0.965298808731481,0.0200796050791971
2064,45130.5065,432507.164,324102.7055,0.104346263499117,0.749358004853765,-0.0093594171954362,0.104086720158747,0.748321392005774,-0.00934656323677167,0.965257992521151,0.0200990702350745
2065,44843.1075,428448.293,323747.1155,0.104663989173601,0.755627040157212,-0.009384517385705,0.104328010676937,0.754263347636863,-0.00922704871809767,0.965231958752248,0.0200959949127613
2066,44526.1185,424520.788,323255.012,0.104885602209897,0.761458616721497,-0.0091668121081766,0.104487898513661,0.759979441744803,-0.00913700579250955,0.965227208062485,0.0200707834381452
2067,44170.1745,420873.2205,322472.23,0.104948883294417,0.766198024233761,-0.00859219996548199,0.104565283571461,0.765527133862593,-0.00908545512586542,0.965252388612086,0.0200249415689203
2068,43775.8055,417340.3185,321556.0955,0.104892346987558,0.770488930127176,-0.00839421903774951,0.104562955303391,0.770977269521204,-0.00908105280282797,0.965316513992492,0.0199611867278926
2069,43342.478,413786.4945,320639.38,0.104745994797082,0.774890877933185,-0.00851541018795665,0.104487510391921,0.77640688010526,-0.00912802721767105,0.965423815197448,0.0198833813104435
2070,42870.2495,410213.8925,319717.926,0.104507063958103,0.779393218624355,-0.00863392606449598,0.104348844595048,0.781888285771476,-0.00922411988377559,0.965571111871347,0.0197963100292335
2071,42367.0245,406516.4145,318888.34,0.104219714109478,0.784441485326541,-0.00901353676119099,0.104159415200517,0.787478575337796,-0.00936079706923089,0.965748127883308,0.0197053243759363
2072,41843.6675,402595.356,318236.0905,0.103934799237972,0.790461404378445,-0.00964551088256238,0.103933281618571,0.793210370684839,-0.00952393471785881,0.965938516575664,0.0196158956690096
2073,41306.666,398521.763,317685.3365,0.103649712098659,0.797159317244112,-0.0101183308234682,0.103685178230194,0.799087013569489,-0.009696281401618,0.966123073201756,0.0195331922700406
2074,40764.824,394440.668,317087.8645,0.103348430593369,0.803892423435405,-0.0102405825199563,0.103429891442051,0.805084975964854,-0.00986153029477793,0.96628476370222,0.0194617718500545
2075,40226.2905,390415.7885,316377.7375,0.103034487038938,0.810361022323256,-0.0102040175532815,0.103181834247077,0.811161113170412,-0.0100070594639941,0.966411992403149,0.0194053743425217
2076,39700.342,386430.155,315570.029,0.102736138694973,0.816628891189923,-0.0102086893445397,0.102954563313739,0.817259657594578,-0.0101238416163459,0.966498316465719,0.0193668002234083
2077,39196.8535,382460.049,314687.8145,0.10248613836265,0.822799179477174,-0.0102737996728022,0.10276013821572,0.823316384268121,-0.0102049567523649,0.96654039977709,0.0193478247983711
2078,38719.435,378526.5505,313719.0455,0.102289878870729,0.828790067924179,-0.0102847304189935,0.102608438315368,0.829260602967168,-0.010244503714203,0.96653638242292,0.0193491552153609
2079,38273.2895,374601.401,312695.7745,0.102170705709667,0.834742672251778,-0.0103695487009173,0.102506593844595,0.83501628656446,-0.0102372554957203,0.966485093622063,0.0193704570011173
2080,37863.9975,370633.625,311674.8355,0.102160179071718,0.840924337342571,-0.0105919945558346,0.102458563106416,0.840502908001297,-0.0101785945906842,0.966385665324585,0.0194104038545357
2081,37490.622,366651.4195,310642.3475,0.102251402847767,0.847241633275608,-0.0107443179231241,0.102465003905497,0.845638015028824,-0.0100655580374591,0.966238413667233,0.0194667859767449
2082,37149.6625,362812.6795,309452.4725,0.10239350661944,0.85292628947385,-0.010469726273622,0.102523639660424,0.85034423237007,-0.00989933212180242,0.966047384196812,0.0195367209766918
2083,36839.832,359223.6095,308009.1525,0.102554038837472,0.857430147558272,-0.00989234997229504,0.102630033989603,0.854560039898624,-0.00968733012216467,0.965822549761817,0.0196169112415579
2084,36559.81,355823.73,306387.232,0.102746969686367,0.86106464006771,-0.00946452129004582,0.10277838665896,0.858248836603094,-0.00944229419972876,0.965578730652089,0.0197038957030706
2085,36304.7005,352672.6395,304541.0255,0.102941641720409,0.863523254686731,-0.00885576265529053,0.102962113712835,0.861402436103748,-0.0091793447995878,0.965332303170594,0.0197942796426021
2086,36070.8955,349629.8175,302620.101,0.103168819404255,0.865544315310006,-0.00862789357380789,0.103174257230861,0.864040015893081,-0.00891355244438894,0.965098675199521,0.0198849171078546
2087,35856.28,346615.81,300710.695,0.103446752760643,0.867561970124791,-0.00862056766654351,0.10340765938902,0.866202307970679,-0.00865736516459507,0.964889661299352,0.019973015736185
2088,35657.693,343809.0915,298643.003,0.103713641906412,0.868630325326926,-0.0080974912829278,0.103655157094059,0.867946033693713,-0.00842070066217636,0.964713799840558,0.0200561805328628
2089,35470.2885,341150.615,296486.81,0.103972518120772,0.869078925740761,-0.00773242059539891,0.103909939812439,0.869340754890173,-0.00821220381377969,0.964577887250104,0.0201324845331746
2090,35290.1915,338512.546,294374.0505,0.104250763869768,0.869610458987242,-0.00773285723081585,0.104165762012188,0.870462489616226,-0.00803747333740981,0.964485060487757,0.0202005806273926
2091,35110.734,335897.9415,292303.376,0.104527982050762,0.870214847684621,-0.00772380383207438,0.104417041124132,0.871385210379903,-0.00789782014238567,0.964433478441687,0.0202597645037836
2092,34928.0625,333310.153,290272.837,0.104791474803949,0.870879072801602,-0.00770409157151686,0.104659059102105,0.87217474101186,-0.00779140317850588,0.964417648993769,0.020309985277052
2093,34740.139,330746.799,288282.7605,0.105035450395999,0.871611641810629,-0.00769059681179274,0.104888210999714,0.872885408457868,-0.007714549757598,0.96443000581027,0.0203517983952871
2094,34544.227,328205.8725,286331.592,0.105251702953609,0.872414590936364,-0.00768239181054009,0.105102218205802,0.873558699929387,-0.00766266595296418,0.964462119843256,0.0203862862170039
2095,34339.585,325688.965,284413.604,0.10543674698957,0.873267548380093,-0.00766868514822228,0.105300268200179,0.874223417715662,-0.00763088275788531,0.964505672462518,0.0204149596345285
2096,34126.781,323192.94,282522.2615,0.105592594318428,0.874159755779319,-0.00766383042790519,0.105483032733999,0.874896906072349,-0.00761448731526324,0.964553222427127,0.0204396189591273
2097,33904.8825,320714.0375,280655.8715,0.105716864669511,0.875096935848965,-0.00767003914132536,0.105652538712437,0.875586905321383,-0.0076091376072785,0.964598729535196,0.0204621878196167
2098,33672.5675,318247.5875,278815.156,0.10580619876655,0.876095112582746,-0.0076904959297267,0.105811888884245,0.876293757737597,-0.00761099006118734,0.964637878346018,0.020484524679642
2099,33428.1065,315790.8535,276996.5595,0.105855208057823,0.877151939107698,-0.00771956833765475,0.105964794037392,0.877012930724882,-0.00761682813306312,0.964668373472779,0.0205081673056578
2100,33167.2955,313339.199,275204.2145,0.10585108918977,0.878294881005297,-0.00776353866119817,0.106114850447232,0.877737963165737,-0.0076242461631758,0.964690306411457,0.0205339694759402
