Year,N_y_B,N_m_B,N_o_B,psi_y_B,psi_o_B,n_m_B,psi_y_B_s,psi_o_B_s,n_m_B_s,gamma_B_path,phi_B_path
1950,NaN,NaN,NaN,0.147766780489377,0.186944487627455,NaN,0.145199669579533,0.18595455169118,0.00842364025275372,0.873982187905203,0.0302630436972633
1951,NaN,NaN,NaN,0.146518894260557,0.189400609868883,0.00756831009294451,0.143319872110546,0.188441563448284,0.00787910894680014,0.886917333062628,0.0282893693335203
1952,NaN,NaN,NaN,0.142937738066087,0.192206666973207,0.00775263715488933,0.141471390613965,0.190940189114543,0.00733457764084655,0.888024126388054,0.0278531258239451
1953,NaN,NaN,NaN,0.139848315968405,0.193619981986209,0.00686960992837576,0.139709551897301,0.193470632941774,0.00678761075642649,0.889199057978993,0.0274807334633622
1954,NaN,NaN,NaN,0.13735563524135,0.194997498671569,0.0065860576320923,0.138105176330403,0.196063493637855,0.00623872597640025,0.89050558955109,0.0271991351636098
1955,NaN,NaN,NaN,0.135021014437814,0.19708715576509,0.0067484611485773,0.136731225466029,0.19875071314142,0.00569028170392705,0.891964421541276,0.0270251235923316
1956,NaN,NaN,NaN,0.134255839149591,0.200998626224994,0.00533526862272976,0.135652967908599,0.201554505801547,0.00514889476849497,0.893542900727456,0.026966450392571
1957,NaN,NaN,NaN,0.132726926577831,0.204434059235046,0.00361390909389953,0.134920541767648,0.204483153132215,0.00462920628122264,0.895190842355827,0.0270227424601855
1958,NaN,NaN,NaN,0.131971846328274,0.208241874415585,0.00345890290884315,0.13456810478023,0.207538310099291,0.00414718458837052,0.896890560279304,0.0271897501363424
1959,NaN,NaN,NaN,0.132213256349083,0.209998605709155,0.00359007686002455,0.134608319989846,0.210721549697513,0.00371111605543381,0.898646431758042,0.0274533832631718
1960,NaN,NaN,NaN,0.132878337345151,0.213466294448285,0.0031073290579447,0.135028642169564,0.214037883001386,0.0033227391302295,0.900473042851892,0.0277906511307252
1961,NaN,NaN,NaN,0.134674172702666,0.217221914052757,0.00324493974262768,0.135792406870496,0.217487674957145,0.00298145581523207,0.902345426623085,0.0281743521959736
1962,NaN,NaN,NaN,0.137654733320644,0.220311689425261,0.00378883677734398,0.136842554833815,0.221065776943511,0.0026854573459848,0.904232571785508,0.0285761141815399
1963,NaN,NaN,NaN,0.140001588834851,0.223453110367224,0.00253196617374396,0.138112243866333,0.224763018925586,0.00243620415848321,0.906113059635418,0.0289746696221258
1964,NaN,NaN,NaN,0.141968760250416,0.227145085861346,0.00203406772899367,0.139541399156594,0.228562500195853,0.00224319164439303,0.907957237191578,0.0293646221641626
1965,NaN,NaN,NaN,0.138697445355726,0.231055690046205,0.0025323555899685,0.14108812252522,0.232434843386716,0.00211806553810224,0.909716840864871,0.0297538370901009
1966,NaN,NaN,NaN,0.137204085551712,0.23573203005929,0.00200275355986607,0.14272601766518,0.236336599212674,0.00207192200565793,0.911336128124719,0.0301512368217847
1967,NaN,NaN,NaN,0.145017175104545,0.240436132513921,0.000815995091757671,0.144407379717765,0.240211627147737,0.00211817853944773,0.91276780227833,0.0305324461982766
1968,NaN,NaN,NaN,0.146505514408893,0.244953504870528,0.000666872514367589,0.146044320978748,0.243997771641356,0.00226829208105288,0.913990852405882,0.0308496883812945
1969,NaN,NaN,NaN,0.151382494150324,0.248698668859683,0.00214183117503319,0.14754454034805,0.247634980148941,0.00252213822221753,0.915006511312305,0.0310812112897433
1970,NaN,NaN,NaN,0.151286235954475,0.25154337743314,0.00193061379566872,0.148826330198506,0.251071804716805,0.0028659761089592,0.915829299941193,0.0312172306267986
1971,NaN,NaN,NaN,0.155396212057246,0.254333850741686,0.00264593561522136,0.149838745385095,0.254266363150158,0.00327923322051305,0.916471533371101,0.0312690374178771
1972,NaN,NaN,NaN,0.152420773280835,0.257443381968333,0.00583408116500383,0.150563222990909,0.257181853165272,0.00373333189485897,0.916920333039844,0.0312543291654183
1973,NaN,NaN,NaN,0.152215060166454,0.26090298857576,0.00657519724425276,0.151025892561557,0.259783161117954,0.00419739177054199,0.917147030078273,0.0312092290074065
1974,NaN,NaN,NaN,0.149311073383722,0.261250969107448,0.00510264333042271,0.151276750368971,0.262038933347616,0.00465761582777209,0.917147243130541,0.0311606253066177
1975,NaN,NaN,NaN,0.150261415150691,0.264001138090433,0.00443708921609992,0.151373618516269,0.26392447086437,0.00512050502431424,0.91694731914026,0.0311273275952529
1976,NaN,NaN,NaN,0.147610661775894,0.266458367050679,0.00437265547237209,0.151361211793939,0.265411782822639,0.00559840964398743,0.916541258622175,0.0311096990487568
1977,NaN,NaN,NaN,0.149286233193803,0.268862715681311,0.00462960344733604,0.151267132129734,0.266473830041651,0.00609776348929443,0.91593041517596,0.031100553890014
1978,NaN,NaN,NaN,0.1524541285967,0.271697019373375,0.00494962178885155,0.151088517979397,0.267094771808272,0.0066131239443262,0.91514090746174,0.0310739793715719
1979,NaN,NaN,NaN,0.150808962316599,0.273377133749576,0.00525188180958952,0.1508051533624,0.267284363999187,0.00712429772567382,0.91423945041133,0.031008719790002
1980,NaN,NaN,NaN,0.151732403580129,0.271214953977666,0.00774334260325527,0.150402689894996,0.267097632938302,0.00759426564996211,0.913356994268674,0.0309007651866073
1981,NaN,NaN,NaN,0.14939123230946,0.269646637377919,0.0100553379903331,0.149871342425961,0.266645313110478,0.00797085013505075,0.912665156402958,0.0307437925199809
1982,NaN,NaN,NaN,0.148956539077475,0.267747725980138,0.0113784807329304,0.149209478251174,0.266081174990769,0.00820323450747341,0.912312683952751,0.0305364046512376
1983,NaN,NaN,NaN,0.148431601356918,0.262172613096982,0.0113690383963603,0.148414044353459,0.265588937150354,0.00826023555268614,0.912438711005489,0.0302723967182055
1984,NaN,NaN,NaN,0.148260657700355,0.256638217420264,0.0106874077807995,0.147479505712594,0.265362842073159,0.00814079509924393,0.913152141047705,0.0299488706671709
1985,NaN,NaN,NaN,0.145742641238873,0.25643933454291,0.00732492139262197,0.146401334784501,0.265562244415036,0.00787442243408852,0.914421144325874,0.0295705561694335
1986,NaN,NaN,NaN,0.143816420184181,0.261330512137172,0.00546239521695074,0.145179184953399,0.266266637329246,0.00751208434000074,0.916044580439683,0.0291487154075805
1987,NaN,NaN,NaN,0.144795120520373,0.266694066753375,0.00666678461171072,0.143807294810638,0.267471082337179,0.00710188382769516,0.917766616735518,0.0286852495492388
1988,NaN,NaN,NaN,0.144273454757465,0.269568431260167,0.00568885029989941,0.142271280174987,0.269120734518767,0.00667646371133811,0.919417184048115,0.028175313365731
1989,NaN,NaN,NaN,0.142234072573766,0.270880705820249,0.00613825253751904,0.140564485337696,0.271147960248918,0.00626042354011542,0.920945246992222,0.0276274544106182
1990,NaN,NaN,NaN,0.138862113862993,0.271667329207703,0.00517732486358941,0.1386982110063,0.273486382665084,0.00587077410249854,0.922344978026877,0.0270608886013825
1991,NaN,NaN,NaN,0.135284986067569,0.276005294552031,0.00500028771754973,0.136698647495045,0.276065516530258,0.00552087341480278,0.92359128392341,0.0264947746187994
1992,NaN,NaN,NaN,0.133580183956095,0.280127313037267,0.00456208192381014,0.134593519692643,0.278802075782118,0.00521832771951271,0.924624558657806,0.0259369547912859
1993,NaN,NaN,NaN,0.133367155290118,0.284238112327115,0.00561223306987463,0.132399602860553,0.281611537482726,0.00496496541765896,0.925422553988351,0.0253821465559528
1994,NaN,NaN,NaN,0.132402665556649,0.286221990274611,0.00466015449366974,0.13012609742531,0.284422623310116,0.00475840901594917,0.926013276360209,0.0248256083320665
1995,NaN,NaN,NaN,0.130924910564765,0.288392492594964,0.00348127916061458,0.127790845971889,0.287187002591476,0.00459936952326421,0.92646597050531,0.0242777253539568
1996,NaN,NaN,NaN,0.126195146481173,0.290595259908832,0.00444098121463288,0.125433926589556,0.289874912890872,0.0044871036710446,0.926837249857312,0.0237640848445176
1997,NaN,NaN,NaN,0.122142197399247,0.294662143136688,0.00318311916402442,0.123121636300897,0.292468951492903,0.0044130959038129,0.927157311905454,0.0233178426180825
1998,NaN,NaN,NaN,0.118432072566393,0.297581967814197,0.00363859553689549,0.120929025504356,0.294962288190112,0.00436456710223964,0.927447749598574,0.0229595193100606
1999,NaN,NaN,NaN,0.117151897911198,0.299887715407836,0.00445438924934144,0.118921626940711,0.297368484682815,0.0043191556537615,0.927755433190516,0.0226920475545817
2000,NaN,NaN,NaN,0.115391080531069,0.298476080809973,0.00524388490465327,0.117143530624001,0.299726676982549,0.00424776824647917,0.928140877934833,0.0225038276410973
2001,NaN,NaN,NaN,0.114614462959255,0.300643440343723,0.00543342746802777,0.115619755323906,0.302095270471815,0.00412267702215521,0.92864844232099,0.0223815937332868
2002,NaN,NaN,NaN,0.11125880613088,0.305660998837061,0.00455264241926179,0.114358847046192,0.304526045980765,0.00392529629540426,0.929247917395313,0.0223119351457242
2003,NaN,NaN,NaN,0.111476024699016,0.303288853655235,0.00427321077198489,0.113354412974288,0.307060813019977,0.00364860008549675,0.929907831747506,0.0222809202582041
2004,NaN,NaN,NaN,0.112343048724354,0.3108751034854,0.00309115113682312,0.112574329914014,0.3097402296218,0.00329304514845021,0.930630696153481,0.0222615118855465
2005,NaN,NaN,NaN,0.111932282258494,0.314665514142101,0.00311038306164163,0.11196821730552,0.312583374675922,0.00286401062219833,0.931356631114906,0.0222294315380208
2006,NaN,NaN,NaN,0.111418940618232,0.31736154475743,0.0014507797032684,0.111480914373335,0.315614124505631,0.00236698239059972,0.932107083054674,0.0221702138901285
2007,NaN,NaN,NaN,0.110899212411487,0.319222407687118,0.00260659256724316,0.111056524659944,0.318875228922393,0.00180722309350429,0.93294781423762,0.0220724970773257
2008,NaN,NaN,NaN,0.11024974174243,0.322019101854101,0.00289042256025684,0.110638409044001,0.322425294638752,0.00118558616396708,0.933931301636064,0.0219243606830117
2009,NaN,NaN,NaN,0.111259638390128,0.322624880653106,0.00193323722431082,0.110168110407442,0.326327524230087,0.000509635660638954,0.93508120295363,0.0217135287699702
2010,NaN,NaN,NaN,0.111928281492699,0.322103408745704,0.000691075814865161,0.109586127097739,0.330636736036171,-0.000197841602572377,0.936394571850436,0.0214299580767804
2011,NaN,NaN,NaN,0.110736873575153,0.33162346778372,-0.00135417717025316,0.108843596517959,0.335367765072902,-0.000900105680330885,0.937784174740458,0.0210767241002741
2012,NaN,NaN,NaN,0.110488434721006,0.33991551189082,-0.0040880307587112,0.107912453078946,0.340465445935251,-0.00155279844591418,0.939078839767008,0.0206700095751436
2013,NaN,NaN,NaN,0.109243047111451,0.346328283261041,-0.00429735064175077,0.106785660222297,0.345834107409283,-0.00211739106696865,0.940188924254235,0.0202295907561051
2014,NaN,NaN,NaN,0.107962611201669,0.355334208058492,-0.00362794431165334,0.105480852417409,0.351368903436594,-0.00257686137833915,0.941097096865011,0.0197805147048225
2015,NaN,NaN,NaN,0.106562965734142,0.361385177868294,-0.00398864247704001,0.104040726908061,0.356974065524408,-0.00293490464508139,0.941820341654236,0.0193506953614541
2016,NaN,NaN,NaN,0.100923696928718,0.366532455612225,-0.00380145274096547,0.102533076326674,0.362588785628913,-0.00320773806683018,0.942437359656433,0.0189715955481829
2017,NaN,NaN,NaN,0.0977900836369369,0.371511773174002,-0.00365314350902313,0.101044146731073,0.368195274938587,-0.00342144374041779,0.943039412889747,0.0186719688063945
2018,NaN,NaN,NaN,0.0971686883635496,0.376388058236451,-0.00389485070033446,0.0996481145799911,0.373815310787551,-0.00360826587765479,0.943701642599967,0.0184532403035213
2019,NaN,NaN,NaN,0.0975214534361007,0.381710019119898,-0.0024322487015761,0.0983903599382395,0.379503974231095,-0.00380349094383867,0.944478527533105,0.0182976414312605
2020,NaN,NaN,NaN,0.0974671003547218,0.387629703832482,-0.00394818811597783,0.0972926253715336,0.385342968433802,-0.00404241684671988,0.945405781990471,0.0181870400730786
2021,NaN,NaN,NaN,0.0973891881271038,0.392731343642519,-0.00423260412939475,0.0963669218340713,0.391437033028946,-0.00435143137136015,0.946517132843879,0.0181134874900141
2022,NaN,NaN,NaN,0.0956487892807245,0.396251143306395,-0.00117758414316405,0.0956266933772278,0.397912199395756,-0.00475377923142859,0.947842389299175,0.0180785677210239
2023,NaN,NaN,NaN,0.0939734497931667,0.401926096417763,-0.00174941045965235,0.0950925989278985,0.404904268142019,-0.00526572579246829,0.94938570334723,0.0180905126752688
2024,NaN,NaN,NaN,0.0921889650223362,0.408072017954026,-0.00568388485118801,0.0947852831045147,0.412535019529616,-0.00587333452957144,0.951118804259378,0.018154498286043
2025,NaN,NaN,NaN,0.0933175368087447,0.415144659219718,-0.00776735005711765,0.0947135204603264,0.420895868930595,-0.006532650557396,0.953001041574836,0.0182665636444865
2026,NaN,NaN,NaN,0.0941191695940384,0.426436004046402,-0.00852410022350225,0.0948643676948546,0.430033481905994,-0.00719460213109386,0.954962003124129,0.0184110399446112
2027,NaN,NaN,NaN,0.0945714967351534,0.438467712172235,-0.00881383824815468,0.0952098554961906,0.439942225501234,-0.00782035125398675,0.956906241212885,0.0185737868274853
2028,NaN,NaN,NaN,0.0947306917884763,0.450591413320783,-0.00910619966552992,0.0957135715645199,0.450580076804701,-0.0083837639342172,0.958767982152069,0.0187432471782697
2029,NaN,NaN,NaN,0.0962155206408615,0.459975682997063,-0.0099071117770303,0.0963318956658178,0.461889046247104,-0.00886885076208324,0.960523208874339,0.0189066852079132
2030,NaN,NaN,NaN,0.0974779554718414,0.467489645511448,-0.00997394423745671,0.0970133182514296,0.473805517103404,-0.00926790766615626,0.962166855720192,0.0190486912428336
2031,NaN,NaN,NaN,0.0985691965858398,0.48014820723186,-0.00988659015809706,0.0977046736402839,0.486242374352138,-0.00958262706720026,0.963650439964814,0.0191577515889229
2032,NaN,NaN,NaN,0.0988810970281543,0.497149272023036,-0.0104085798865148,0.0983571845297646,0.499056491159152,-0.00982171547754664,0.964858114064738,0.0192274093359135
2033,NaN,NaN,NaN,0.0991480287866665,0.513990860544791,-0.0101601482297541,0.098929559545708,0.512049858940782,-0.00999810290000466,0.965682924275338,0.0192547040057063
2034,NaN,NaN,NaN,0.0986919128899238,0.530296342505021,-0.00997993959516097,0.0993858585634123,0.525004634025719,-0.0101294558122263,0.966090731491348,0.0192354862641676
2035,NaN,NaN,NaN,0.100552080560721,0.547903412834225,-0.0100717656747751,0.0996913263803787,0.537721741254034,-0.0102352681826224,0.966121024752373,0.0191622720686643
2036,NaN,NaN,NaN,0.100775537158756,0.556619576887435,-0.0104811912588633,0.0998083516337166,0.550058148407046,-0.0103340246832297,0.965878435030266,0.0190238685600384
2037,NaN,NaN,NaN,0.100842197785611,0.564743553179189,-0.00953230496671198,0.0997055792847325,0.561959341487084,-0.0104431050034708,0.965517450499148,0.0188176621438569
2038,NaN,NaN,NaN,0.100932687286418,0.573987349824544,-0.00910455572847807,0.0993615299088429,0.573436819286367,-0.0105790712633368,0.965141693124753,0.0185459137753171
2039,NaN,NaN,NaN,0.100753800076226,0.584046299883601,-0.0103898109744769,0.098766651382653,0.584532802492378,-0.010750117655031,0.964795052366656,0.0182156743328217
2040,NaN,NaN,NaN,0.0997843287086598,0.594562684001789,-0.0110196703209698,0.0979272306344596,0.595297087266059,-0.0109523690629168,0.964491935200837,0.0178413743571192
2041,NaN,NaN,NaN,0.0987981490283813,0.605630796631199,-0.0112794693199491,0.0968687075390679,0.605775884106468,-0.0111771550161403,0.96423289383277,0.0174442064711229
2042,NaN,NaN,NaN,0.0975633284574098,0.616108790978125,-0.0115809862478975,0.095635621268387,0.616009394753165,-0.011415823920372,0.964015166814944,0.0170488958242174
2043,NaN,NaN,NaN,0.0957226688071857,0.625694114925644,-0.012064703409129,0.0942918755923403,0.626035774890252,-0.0116608045193312,0.963841946493461,0.0166838594485874
2044,NaN,NaN,NaN,0.0920794277244239,0.635765507229921,-0.0125230544664575,0.0929200124348248,0.63589303009655,-0.0119064899717262,0.963717730374722,0.0163801607647246
2045,NaN,NaN,NaN,0.0892943275559223,0.647094570701094,-0.0122055928464849,0.0916140388634039,0.645616817859124,-0.0121513093325306,0.963639636216793,0.0161647983901124
2046,NaN,NaN,NaN,0.0876129933104625,0.659209026510686,-0.0113586644819801,0.0904608049474355,0.65524384953947,-0.0123986149570254,0.963605216185401,0.0160479851674665
2047,NaN,NaN,NaN,0.0869072730429454,0.666317260498311,-0.0118922857058363,0.0895253303832514,0.664827248393821,-0.0126514119750297,0.963635515886105,0.0160240645884239
2048,NaN,NaN,NaN,0.0869558196516528,0.673786829451112,-0.0133334040944468,0.088845144942612,0.674451835444115,-0.0129045158788954,0.963781738146387,0.0160783770523361
2049,NaN,NaN,NaN,0.0870528489566234,0.681010483894283,-0.0135873822222135,0.0884321734035245,0.684218021307236,-0.013146601475223,0.964076077027478,0.0161934749081109
2050,NaN,NaN,NaN,0.0873040175598057,0.689189714705259,-0.0133094462033305,0.0882788882157958,0.694218846988485,-0.0133686957715224,0.964514271581725,0.016352975893371
2051,NaN,NaN,NaN,0.0877266331783716,0.699273829893471,-0.0133385539148396,0.0883636515704206,0.704516167823247,-0.0135654162831068,0.965054630301126,0.0165418512799358
2052,NaN,NaN,NaN,0.0883191141152469,0.709866019827653,-0.0135461663254547,0.0886548663562673,0.715123747556886,-0.0137313416702491,0.96563311122386,0.0167465948392626
2053,NaN,NaN,NaN,0.0894172353603077,0.721360640461714,-0.013897060189817,0.0891144393402091,0.726002730049691,-0.0138591114107539,0.966183796426728,0.0169554993120724
2054,NaN,NaN,NaN,0.0904012671981504,0.733536523455287,-0.014001463623158,0.0897014536673412,0.737062213137654,-0.0139397999740617,0.966646107887283,0.0171594818736687
2055,NaN,NaN,NaN,0.0909537272866594,0.746200044118264,-0.0143979087432474,0.0903776444109917,0.748165247896219,-0.013964529444799,0.966970575290216,0.0173544002005898
2056,NaN,NaN,NaN,0.0920690344311584,0.759839102701274,-0.0147247647465125,0.091110938787618,0.759140019993265,-0.0139256306326327,0.967123932194133,0.0175400459786759
2057,NaN,NaN,NaN,0.0923032215347709,0.774642171509777,-0.0144536438400994,0.0918759344525281,0.769796722803595,-0.0138198018808267,0.967092058474868,0.0177174762106839
2058,NaN,NaN,NaN,0.0926552170182829,0.788862617516766,-0.0140278317733624,0.0926553700585584,0.77995510622686,-0.0136509195759334,0.966889023751821,0.0178897914915882
2059,NaN,NaN,NaN,0.0932315153547552,0.795333351590705,-0.0134384271873203,0.09343647431062,0.789483722164099,-0.0134291082764722,0.966570580483345,0.0180574097332841
2060,NaN,NaN,NaN,0.094277293310896,0.800237397422817,-0.0130666556496679,0.0942068491728246,0.798329110939399,-0.0131681134326455,0.966222103425978,0.0182171432482887
2061,NaN,NaN,NaN,0.0951190903609788,0.810665546755116,-0.0127683026874999,0.0949528347494765,0.806495412734559,-0.0128822069762349,0.965899854253045,0.0183641533409939
2062,NaN,NaN,NaN,0.0958305121746574,0.814256085920535,-0.0125694248564014,0.0956611803590349,0.814016486434039,-0.0125848015519681,0.965625145779413,0.0184950355884082
2063,NaN,NaN,NaN,0.0963024239595461,0.81724544529372,-0.0125526311704185,0.0963201585495878,0.820957888602521,-0.0122883460812844,0.965422306606922,0.0186075988194984
2064,NaN,NaN,NaN,0.0966824248945581,0.819766710257224,-0.0124395605179956,0.0969194321861997,0.827387559792325,-0.0120054391051821,0.965280216961936,0.0186997450053093
2065,NaN,NaN,NaN,0.0972584978391832,0.830527025025713,-0.0115134125268479,0.0974484307773088,0.833336014590651,-0.0117511638196659,0.965138207742455,0.0187677525543154
2066,NaN,NaN,NaN,0.0979107744941646,0.843366399607057,-0.0113161168149049,0.0978946382140215,0.838771469889384,-0.0115435714669486,0.964903757192422,0.0188058398397199
2067,NaN,NaN,NaN,0.0983451493918049,0.852355686578278,-0.0111338671504564,0.0982438875410408,0.843638132684659,-0.0113994601942756,0.964531034274973,0.0188082496844686
2068,NaN,NaN,NaN,0.0988980957970569,0.857588040145617,-0.0107462290070603,0.0984819711869635,0.847921099338266,-0.011333249086696,0.964052437655288,0.0187707404441202
2069,NaN,NaN,NaN,0.0995007190048956,0.8573814836844,-0.0104951754002704,0.0985960911903081,0.851688180161658,-0.0113561975543311,0.963552200282159,0.0186908375510953
2070,NaN,NaN,NaN,0.0993871085035111,0.856660014692283,-0.0105185638689088,0.0985779451924645,0.855096543413501,-0.0114737153515507,0.963128793123068,0.0185700169571389
2071,NaN,NaN,NaN,0.0995401204784826,0.856420507325618,-0.0103779641684472,0.0984273853788959,0.858360602514378,-0.0116828178553197,0.962853303855398,0.0184151200095673
2072,NaN,NaN,NaN,0.0990082334085037,0.856687609345195,-0.0110068400136476,0.0981531090801131,0.861711617843539,-0.0119704421904625,0.962761508760475,0.0182362646589388
2073,NaN,NaN,NaN,0.0982791420541432,0.857656616260972,-0.0125809161491756,0.0977741086233238,0.865361959345933,-0.0123115083632731,0.962860464180068,0.0180478746032057
2074,NaN,NaN,NaN,0.097503987563438,0.859517336764029,-0.0134436126325167,0.0973178582647656,0.869473927147879,-0.0126727043015806,0.963129164819252,0.0178652909250541
2075,NaN,NaN,NaN,0.0967132847341363,0.867317481975726,-0.0136976135965087,0.0968169861114346,0.874132713680035,-0.0130222077266447,0.963513165541253,0.0177019285950113
2076,NaN,NaN,NaN,0.0961493237361868,0.877137798234109,-0.0138222088384568,0.096306049309465,0.879332018214263,-0.0133349782569968,0.963933887479607,0.0175682213467583
2077,NaN,NaN,NaN,0.0954201003633216,0.88397034825976,-0.0136242646867808,0.0958189561804393,0.884999190296532,-0.0135926417778214,0.964333944135476,0.0174716839859819
2078,NaN,NaN,NaN,0.0945033724088261,0.889724654704203,-0.0138948967612604,0.0953877135989914,0.891033598069337,-0.013781295472459,0.964694668807994,0.0174179823890899
2079,NaN,NaN,NaN,0.0942238965803114,0.895269790250113,-0.0145709913901406,0.0950398899043476,0.897321783864584,-0.0138882609745969,0.965013605115674,0.0174097802311659
2080,NaN,NaN,NaN,0.0938600253145435,0.901916171019478,-0.0147991983728228,0.0947950530756305,0.903736288988736,-0.0139028275247909,0.965285603013674,0.0174452218790385
2081,NaN,NaN,NaN,0.0937849905062941,0.910383496041034,-0.0145539419671373,0.0946642132767311,0.910130568829413,-0.0138205821646048,0.965494077369359,0.017519856278588
2082,NaN,NaN,NaN,0.0940904934112612,0.918984022191463,-0.0141531725432006,0.0946492302891521,0.916342793356257,-0.0136455320931958,0.965618383185927,0.0176263205582603
2083,NaN,NaN,NaN,0.0944473274930707,0.925897326186945,-0.0136319101966837,0.0947435284470547,0.922214218093981,-0.0133889866149535,0.965650311965493,0.0177556243815019
2084,NaN,NaN,NaN,0.0948855899571822,0.931097332124435,-0.0128417048800223,0.094934790718883,0.927610510942122,-0.0130673170631971,0.965599003802974,0.0178994249505873
2085,NaN,NaN,NaN,0.0951082994972877,0.935547643251552,-0.0126847661231959,0.0952076819898227,0.932432458457436,-0.0126990054153433,0.965482261200816,0.0180508065455452
2086,NaN,NaN,NaN,0.0957943500661023,0.941092685917156,-0.0127376734948509,0.0955458698614005,0.936615772411526,-0.0123013993652344,0.9653182700572,0.0182043763666786
2087,NaN,NaN,NaN,0.0962476289524759,0.94484910610994,-0.0120143233080526,0.0959326881800472,0.940130549212126,-0.0118921053689649,0.965124060779897,0.0183551506547616
2088,NaN,NaN,NaN,0.0964923233557757,0.94571414041538,-0.0106107970467223,0.0963535069522923,0.942990220949992,-0.0114918495377901,0.964922924774081,0.0185000764039203
2089,NaN,NaN,NaN,0.097013529405759,0.946198418377471,-0.0103417916781196,0.0967964690124394,0.945252117124236,-0.0111214322142698,0.96473912408312,0.0186371480819031
2090,NaN,NaN,NaN,0.0973045474712157,0.94652206611167,-0.0102508174685125,0.0972515476102463,0.947001446924224,-0.0107946139555069,0.964588087528753,0.0187645794872666
2091,NaN,NaN,NaN,0.0978912108400303,0.946739055506213,-0.0101577457807941,0.0977105006046252,0.948333570622938,-0.0105175064783304,0.964475259374526,0.0188815916933181
2092,NaN,NaN,NaN,0.0982278677901254,0.94688187884181,-0.0101577720089866,0.0981661124034321,0.949339529070605,-0.0102906413864692,0.964397174954147,0.0189875196606843
2093,NaN,NaN,NaN,0.09865894286334,0.94880172198265,-0.00988740713883174,0.0986125775091176,0.950094681145221,-0.0101109884845699,0.964342320877721,0.0190826169507434
2094,NaN,NaN,NaN,0.0992434577821891,0.95093465374247,-0.00978844169880777,0.0990448885674596,0.950652974823776,-0.00997364077668485,0.964294950525632,0.0191669884208269
2095,NaN,NaN,NaN,0.0997699323112442,0.950974542168632,-0.00983930209891451,0.0994587887057485,0.951055988036193,-0.00987165019979831,0.96425038397613,0.019241055480382
2096,NaN,NaN,NaN,0.100170702491635,0.950500902048123,-0.00993483426968031,0.0998519600846393,0.951344881726947,-0.00979639070140281,0.964217824302129,0.0193067403067505
2097,NaN,NaN,NaN,0.100456606530803,0.950668484055372,-0.00998159522585884,0.100225051002908,0.951559321749214,-0.00973893968368259,0.96420568452959,0.0193673972086849
2098,NaN,NaN,NaN,0.100604735065958,0.950769986806308,-0.00996863210327786,0.100581769807749,0.951731653750319,-0.00969166088167438,0.964215023005815,0.0194269246015676
2099,NaN,NaN,NaN,0.100701821568795,0.950871166514106,-0.00972081227214031,0.100927959408273,0.951885184661428,-0.00964925142596811,0.964242600915667,0.0194886643058333
2100,NaN,NaN,NaN,0.10085958601698,0.951690032744889,-0.00979097384077018,0.101269626482479,0.952033538714016,-0.00960880255704387,0.964281881054076,0.0195541791099654
