Year,N_y_C,N_m_C,N_o_C,psi_y_C,psi_o_C,n_m_C,psi_y_C_s,psi_o_C_s,n_m_C_s,gamma_C_path,phi_C_path
1950,NaN,NaN,NaN,0.171442459753338,0.164825328440283,NaN,0.168177439190117,0.162924340784649,0.0146812993304885,0.861235841889328,0.0361045511634086
1951,NaN,NaN,NaN,0.167189982243224,0.166825891298142,0.0136718692380504,0.165731304338041,0.164970911096543,0.0141735732723994,0.87346763354953,0.033538357771513
1952,NaN,NaN,NaN,0.16516266235139,0.167741485067697,0.0124659704385008,0.163320605178364,0.167039806166241,0.0136658472143103,0.87483633130666,0.0329674761452466
1953,NaN,NaN,NaN,0.161373886779383,0.168327345968717,0.0143500205132829,0.16099370125667,0.169167023478327,0.0131510334441305,0.876388377247296,0.0324544506635001
1954,NaN,NaN,NaN,0.158371415515897,0.16975014517181,0.0138734981676554,0.158814452273632,0.171394994891625,0.0126159827682303,0.87816944543433,0.0320230916615256
1955,NaN,NaN,NaN,0.15607462116486,0.172192889322506,0.0125422114218239,0.156851633355013,0.173758910041294,0.0120557170146977,0.880152296074456,0.031691030441129
1956,NaN,NaN,NaN,0.15446696209531,0.174448214323503,0.0115390823572725,0.155170368155707,0.176278832136384,0.0114765636396912,0.882267892537398,0.0314698840768298
1957,NaN,NaN,NaN,0.152329427757418,0.177783946975743,0.0105424411246737,0.15382861788687,0.178958427836439,0.0108903484356415,0.884436013000415,0.0313675706104657
1958,NaN,NaN,NaN,0.151174982735629,0.181478592832807,0.0111478544271957,0.152875775028075,0.181784422769301,0.0103095515080539,0.886566453211193,0.0313889613955647
1959,NaN,NaN,NaN,0.150858402116828,0.185522780946967,0.00964330320497164,0.152347089030493,0.184732036887404,0.0097458266870009,0.888593207501845,0.0315312173339931
1960,NaN,NaN,NaN,0.15083393225227,0.188870994895129,0.00747363361578279,0.152261326102512,0.187773784660777,0.00921571463905932,0.890502032287851,0.0317868518100426
1961,NaN,NaN,NaN,0.150902029625203,0.191908193583721,0.00946040588248187,0.15262196131818,0.190888837725339,0.00873354412502778,0.892328895193154,0.0321458310697914
1962,NaN,NaN,NaN,0.152155855666517,0.194634562879564,0.00837311837238786,0.153417455956922,0.194066803644372,0.00830296379490074,0.894123173060564,0.0325937064846941
1963,NaN,NaN,NaN,0.154449869641187,0.19636103506772,0.00815178037748465,0.154620162340396,0.197306957309278,0.00792970229965585,0.895936551111604,0.0331122894317419
1964,NaN,NaN,NaN,0.15346519866779,0.198399383972977,0.0079362662603466,0.156190754969462,0.200612520531591,0.00762155825347821,0.897796524557065,0.0336850420347997
1965,NaN,NaN,NaN,0.15257160071264,0.202476825083437,0.00807154610844441,0.158082049207963,0.203977575280604,0.0073884736626332,0.899667965613897,0.0342974302895012
1966,NaN,NaN,NaN,0.154750138051108,0.208350711290696,0.00747832183111075,0.160218942967886,0.207377181271954,0.00724403360165405,0.901468841799637,0.0349139350079971
1967,NaN,NaN,NaN,0.162736984599926,0.211889937738502,0.00542748329959175,0.16247543154304,0.210774205279646,0.00720734719561199,0.903153022951738,0.0354712940146185
1968,NaN,NaN,NaN,0.167550109297979,0.213128745570254,0.00580929129080476,0.164679846733787,0.214137421657377,0.00729725481784025,0.904759843531299,0.0359012123043342
1969,NaN,NaN,NaN,0.170714574012212,0.217025286822254,0.00607313616980898,0.166657906990111,0.21744305894027,0.00751850066173659,0.906324094222681,0.0361670471870707
1970,NaN,NaN,NaN,0.174180596542891,0.220332986866606,0.0058599648807458,0.168261928860206,0.220661728249294,0.00786037928686695,0.907806457881241,0.0362582058484983
1971,NaN,NaN,NaN,0.176505169480857,0.22189561127471,0.00725570977160928,0.169386342694176,0.223758975880598,0.00829657946845241,0.909153624407058,0.0361821268590434
1972,NaN,NaN,NaN,0.177123457375151,0.223761304679999,0.0112388029240265,0.169984249152796,0.226694294086133,0.00878313359819001,0.910289205407026,0.0359681693673525
1973,NaN,NaN,NaN,0.173352370866746,0.229987757640524,0.0106105246689205,0.170078670080433,0.229409136078773,0.00926983126665282,0.911075953163505,0.0356678713318984
1974,NaN,NaN,NaN,0.166540347154818,0.236200340089467,0.0101608350944555,0.169758198635361,0.2318230414339,0.0097235033119034,0.911372481143326,0.0353459069776689
1975,NaN,NaN,NaN,0.16825461666927,0.237521170234053,0.0113585541290566,0.169140074709674,0.233861877665445,0.0101248791826398,0.911167844299292,0.0350460386227626
1976,NaN,NaN,NaN,0.165706437427828,0.237792527657074,0.0124712504471798,0.168323889772606,0.235488123581532,0.0104619672761777,0.910587885251705,0.0347728290314666
1977,NaN,NaN,NaN,0.165235123071424,0.238259410555448,0.0098908266298261,0.167393448869173,0.236700148348883,0.0107352024456227,0.909774850221444,0.0345313396127702
1978,NaN,NaN,NaN,0.164547851964893,0.238053327354967,0.00991766805668637,0.166409806887461,0.237520624452531,0.0109592054562264,0.908844642796409,0.0343187670557326
1979,NaN,NaN,NaN,0.162616466696397,0.238944224790626,0.00953394174487343,0.16541194344542,0.237987500734082,0.0111445402424459,0.907878052738566,0.0341275379957605
1980,NaN,NaN,NaN,0.164043378176462,0.242787318569087,0.0104593518146614,0.164417960009091,0.238146548927184,0.011290624065487,0.906918940775716,0.0339447866288312
1981,NaN,NaN,NaN,0.162067150931564,0.241559813996739,0.012089063384408,0.163423368071864,0.238058692901461,0.0113828755272274,0.906032383601355,0.0337492279215942
1982,NaN,NaN,NaN,0.160605024974952,0.237839856519815,0.0131890414117644,0.162414167306899,0.237823612290377,0.0113995928597746,0.905384726833493,0.0335269282313657
1983,NaN,NaN,NaN,0.162092992667476,0.234632992929994,0.0130556692494144,0.16136354830869,0.237572403391118,0.0113254428604378,0.905137273788061,0.0332597281092979
1984,NaN,NaN,NaN,0.161497226519149,0.233504472502831,0.0124643251877221,0.160231463722052,0.237437217530419,0.0111612441926104,0.905354785427624,0.032929007569041
1985,NaN,NaN,NaN,0.159422700532832,0.234116072891302,0.0107084939876592,0.158981863494663,0.237523818589492,0.0109246731545396,0.906002398913893,0.0325335174132003
1986,NaN,NaN,NaN,0.158646755934933,0.236470568454612,0.0101170154404986,0.157589191400103,0.237900801869965,0.0106447299017158,0.906996161179111,0.0320811949822564
1987,NaN,NaN,NaN,0.159056523617525,0.238491123680954,0.00974281993643134,0.156034771137009,0.238604786307754,0.0103502641685292,0.908254226885791,0.0315784191176709
1988,NaN,NaN,NaN,0.157248738341629,0.240236547912825,0.00835845555016923,0.154312877326003,0.239656831340479,0.0100651854852555,0.909742948411574,0.031038248149445
1989,NaN,NaN,NaN,0.152163357651654,0.240240191755746,0.0085197657581213,0.152444856027893,0.24107579915433,0.0098055511577182,0.911468615411547,0.0304893600016039
1990,NaN,NaN,NaN,0.147542803010443,0.240119158393621,0.00898267945173536,0.150476436633739,0.242882857653111,0.00957273810559263,0.913438480395917,0.0299610233303818
1991,NaN,NaN,NaN,0.147059586602272,0.239724440037426,0.0109547725475503,0.148451456672454,0.245089871016249,0.00935559811355854,0.915597072185273,0.0294591595334627
1992,NaN,NaN,NaN,0.146921373270495,0.241763762613617,0.0109355600475518,0.146391181445782,0.247679653195197,0.00913953709831415,0.917799375557055,0.028967963741509
1993,NaN,NaN,NaN,0.144573278849379,0.248755425284341,0.00889820908453243,0.144303457194728,0.250584275188958,0.00892276007088657,0.919817900320057,0.0284780971640505
1994,NaN,NaN,NaN,0.142707175409798,0.25320087463903,0.00876284063888422,0.142197811505218,0.253683858765541,0.00871821735416246,0.921428647553363,0.0279947571774235
1995,NaN,NaN,NaN,0.142747517653533,0.259923728045003,0.00778971735058165,0.140087339037835,0.256835437689038,0.00854179267555467,0.922523308689524,0.0275256868401926
1996,NaN,NaN,NaN,0.137843556021277,0.265175532271405,0.00671094784729265,0.137993497173518,0.2598949135753,0.00840836280427328,0.92308213552162,0.0270839253321154
1997,NaN,NaN,NaN,0.134626177571761,0.268365056356115,0.00770033023321659,0.135956262042724,0.26274706143411,0.00832495755166279,0.923197827409023,0.0266932944142974
1998,NaN,NaN,NaN,0.131694813724119,0.270736831243541,0.00831092769572694,0.134016839286911,0.265326873043029,0.00828485864409913,0.923036274342843,0.0263621402221535
1999,NaN,NaN,NaN,0.12968556503819,0.270024856970797,0.00779629972631035,0.132203316189631,0.267625169399458,0.00827432784974416,0.922784733351177,0.0260837383410784
2000,NaN,NaN,NaN,0.12820035671535,0.268450545382864,0.00826964301903343,0.130521665660908,0.269682699977729,0.00827794616363625,0.922615460285285,0.025839464030732
2001,NaN,NaN,NaN,0.128799108211563,0.273637498841852,0.0089063581325155,0.128953088996096,0.271563407103839,0.0082771054451459,0.922607071495606,0.0256031147824679
2002,NaN,NaN,NaN,0.129962379793133,0.276516939849959,0.0083787556396675,0.127458657915268,0.273330467381447,0.00825339622701991,0.9227545592468,0.0253481535247297
2003,NaN,NaN,NaN,0.131303930654374,0.276546228239505,0.00784003955170864,0.125998714323333,0.275064314459372,0.00819284349826355,0.92312384988378,0.0250640757385521
2004,NaN,NaN,NaN,0.125221595746361,0.276172492355265,0.00755194670799608,0.124559132318902,0.27687282625477,0.00808278182093157,0.92382295900861,0.0247669451505738
2005,NaN,NaN,NaN,0.123393885106472,0.275676579665666,0.00850482254065277,0.123166841641376,0.278878045320638,0.0079074873539028,0.924912976839599,0.0244934760289536
2006,NaN,NaN,NaN,0.119572558248936,0.278130978502801,0.00941169135395614,0.121862546632017,0.281194403288303,0.00764807327758544,0.926372667281386,0.0242610870053515
2007,NaN,NaN,NaN,0.117734208143349,0.282287018483854,0.00961221988452987,0.120685740603309,0.283908436803728,0.00729175062375209,0.928107470394082,0.0240757136220178
2008,NaN,NaN,NaN,0.117482747950492,0.284900353013411,0.00877266387970321,0.119655909388733,0.287077934056452,0.00684251876887734,0.930026149208457,0.0239260647118852
2009,NaN,NaN,NaN,0.116357193328674,0.288015153615511,0.00670332367706394,0.118765149462071,0.290740941351993,0.00632622160160805,0.93208220219053,0.0237917566051293
2010,NaN,NaN,NaN,0.117386597086031,0.292787266660318,0.00458342381563703,0.117981900505275,0.294913522621746,0.0057862419866509,0.934233625184312,0.023652452761987
2011,NaN,NaN,NaN,0.116937762609077,0.295946629120412,0.00410359611127409,0.117253726292234,0.299586140807293,0.00526972665275573,0.936426635927809,0.0234861009745908
2012,NaN,NaN,NaN,0.117687086853547,0.302296959072668,0.00197995543007079,0.116519596096003,0.304724224635957,0.00481439421225812,0.938599116840498,0.0232775863312754
2013,NaN,NaN,NaN,0.119368139745705,0.312058078200944,0.00189220444089822,0.115717314766417,0.310261028477698,0.00444331381769709,0.940652538980333,0.0230158062332631
2014,NaN,NaN,NaN,0.117509052721887,0.316626551038798,0.00194936735657714,0.114798163288539,0.316110359692014,0.00415420951210492,0.942508151248977,0.0227012070973108
2015,NaN,NaN,NaN,0.114748930480637,0.322823594144003,0.0048158211601077,0.113744536587008,0.322194909686677,0.00391914251284902,0.944156457717618,0.0223517870051192
2016,NaN,NaN,NaN,0.114220588242638,0.331361529227187,0.00505683952850178,0.112564921802972,0.328444929633043,0.00369254137845566,0.945569644233441,0.0219849431648856
2017,NaN,NaN,NaN,0.112462185497662,0.336274319717499,0.00369699836740245,0.111281920776986,0.334800683377164,0.00343345785025169,0.946734686265931,0.0216120651190908
2018,NaN,NaN,NaN,0.111248823589019,0.344698020651649,0.00374716853824264,0.109932962495012,0.341225614427001,0.00311208409341009,0.947690829162642,0.0212495464973462
2019,NaN,NaN,NaN,0.109476186775618,0.355028666092894,0.00396680418464679,0.108568426425199,0.347703845669609,0.00270375292068545,0.948474959892288,0.0209155986292302
2020,NaN,NaN,NaN,0.107517378449259,0.35999219880656,0.00268713074401772,0.107251068246881,0.354257695415713,0.00219064382759405,0.949180608612405,0.0206312759973801
2021,NaN,NaN,NaN,0.104509522824548,0.36201537310529,0.000145438469809411,0.10605242009175,0.360974307213933,0.00156534670766077,0.949984605873869,0.020417574300875
2022,NaN,NaN,NaN,0.102210780946064,0.36151175947184,0.00561234138978906,0.105044738172123,0.367993524781036,0.000823530731669394,0.95102773770071,0.0202893096688076
2023,NaN,NaN,NaN,0.102359211089025,0.370573595081796,0.00541588550533079,0.104285566181643,0.37546094436181,-3.97987938670708e-05,0.952315673699974,0.0202456252041929
2024,NaN,NaN,NaN,0.101866570500865,0.378299853377672,-0.00174250459623815,0.103807523434721,0.383472038725246,-0.000990594443422461,0.953740139505441,0.0202762393335074
2025,NaN,NaN,NaN,0.100639192111109,0.384624511660259,-0.0048350737346079,0.103622218588311,0.392069749751822,-0.00195127404786438,0.955231874120114,0.0203740044946205
2026,NaN,NaN,NaN,0.099869822133701,0.39618077471656,-0.00528365778024387,0.1037199249571,0.40124142785945,-0.00284498903401804,0.956717269400745,0.0205270680373386
2027,NaN,NaN,NaN,0.101898895934013,0.401615752411436,-0.00492817365882792,0.104061078883273,0.410907060181776,-0.00361968170016657,0.958075813522985,0.0207084709346599
2028,NaN,NaN,NaN,0.10678429013854,0.416446488351358,-0.00619287986625028,0.104571528121946,0.420924379376966,-0.00424677408639497,0.959187239216428,0.0208785733595249
2029,NaN,NaN,NaN,0.10723466958351,0.433508555923754,-0.00661682565472299,0.10515980380769,0.431072492218929,-0.00471388140174569,0.959888491640937,0.0210068704667522
2030,NaN,NaN,NaN,0.106284735718769,0.449895189647412,-0.00622977605492647,0.105749190830785,0.441088810518326,-0.0050271304029566,0.960096983730458,0.0210897328123195
2031,NaN,NaN,NaN,0.107354227754652,0.458874521930204,-0.00569017365343505,0.106281573020921,0.450734437572221,-0.00521076321451594,0.959865127042968,0.0211284122452148
2032,NaN,NaN,NaN,0.109001202173468,0.467917873216408,-0.00470347553783756,0.106707739426746,0.459847583857105,-0.00530113128296545,0.959345094140137,0.0211168092743996
2033,NaN,NaN,NaN,0.110014501900664,0.475417974620931,-0.00412357825394871,0.106990465000224,0.468349687132163,-0.00533883290949757,0.958685577320201,0.0210530692432814
2034,NaN,NaN,NaN,0.107405333934829,0.481103160561123,-0.00375771607321662,0.107114865674162,0.476242133859077,-0.00535920298251495,0.958023177814752,0.02094844336639
2035,NaN,NaN,NaN,0.106132850532802,0.48600004308735,-0.00443874186831561,0.107090771318419,0.483595678287435,-0.00538569059702525,0.95747761311067,0.0208221210189723
2036,NaN,NaN,NaN,0.105997542957751,0.491526090313722,-0.00548510323130891,0.106933446128038,0.490529756079449,-0.00542732035136701,0.957137366467972,0.0206804670048896
2037,NaN,NaN,NaN,0.105862622510634,0.497611469994863,-0.00665467328805269,0.106650617062279,0.49718985478308,-0.00548414125643063,0.95705345000956,0.020518973110794
2038,NaN,NaN,NaN,0.107068475384001,0.503399890152971,-0.00663734752085909,0.106240769450746,0.503732928809837,-0.00555696783627603,0.957247410718013,0.0203298992621838
2039,NaN,NaN,NaN,0.105856377380662,0.509176801371943,-0.00583780483097207,0.105696900112193,0.51031988839013,-0.00565641308413989,0.957716441996718,0.0201064192228484
2040,NaN,NaN,NaN,0.10570622888349,0.514525688694603,-0.00497304821075861,0.105016521532798,0.517108186470807,-0.00580264124328716,0.958433336242691,0.0198496282439708
2041,NaN,NaN,NaN,0.105789600737943,0.519839439534275,-0.00503026893687109,0.104200774687557,0.524242670132545,-0.0060174602499784,0.959350622718649,0.0195605334416196
2042,NaN,NaN,NaN,0.105315205578456,0.523196343253503,-0.00517664339470802,0.103258388316992,0.531841458663563,-0.00631573499048021,0.960399672972817,0.0192456159507917
2043,NaN,NaN,NaN,0.104354715655844,0.538339209936285,-0.00577742209537657,0.102213414105753,0.539974118261876,-0.00670236831422299,0.96148016389338,0.0189216315041687
2044,NaN,NaN,NaN,0.0999801163687706,0.551750564693572,-0.00638275302221847,0.101110034035877,0.54864183364307,-0.0071713733334064,0.962467089905305,0.01861420494945
2045,NaN,NaN,NaN,0.0999509334534815,0.557108019263083,-0.00751882306710294,0.100008410065486,0.557825459526666,-0.00770728925992311,0.963335467592849,0.0183495890919841
2046,NaN,NaN,NaN,0.0976684788397407,0.559372085763646,-0.00850984127237142,0.0989646034023118,0.567522824665205,-0.00828747029951024,0.964135800771546,0.0181377091385239
2047,NaN,NaN,NaN,0.0956599859777352,0.573248278260094,-0.00912436019862128,0.0980302039600195,0.577718438334954,-0.00888704824357895,0.964867319698197,0.0179873220862495
2048,NaN,NaN,NaN,0.0959446179032572,0.586424662304465,-0.00994979621638259,0.097243986512803,0.588333189347628,-0.00948273456309201,0.965442930099123,0.0178976844328296
2049,NaN,NaN,NaN,0.0958524644631341,0.601305823974928,-0.010171543097143,0.0966243952538783,0.599240929635744,-0.0100539994503023,0.965806743435046,0.0178577444268676
2050,NaN,NaN,NaN,0.0957276014081748,0.614739417590574,-0.010649035835803,0.0961758346067455,0.61029860982894,-0.0105840556937844,0.965954004017259,0.0178583880137688
2051,NaN,NaN,NaN,0.0958191969621068,0.625905111755519,-0.0113072313368019,0.0958945687171755,0.621381348668095,-0.0110578033150802,0.965937373011708,0.0178935177519202
2052,NaN,NaN,NaN,0.0962037930519251,0.634276600274291,-0.0113611557889383,0.0957724168902995,0.632405261339327,-0.0114611977098675,0.96584350478618,0.0179590953114275
2053,NaN,NaN,NaN,0.0956700248140221,0.642966020618717,-0.0121204525810102,0.0958006624984923,0.643327552589439,-0.0117818148972381,0.965754119681225,0.0180540233136627
2054,NaN,NaN,NaN,0.0954427287901328,0.652215931971933,-0.0125262239018493,0.0959731469868677,0.654125035897314,-0.0120075472229199,0.965714271273514,0.0181802148934968
2055,NaN,NaN,NaN,0.0956451813471503,0.661998730285714,-0.012455368139942,0.0962826653480596,0.664772026605688,-0.0121292721934033,0.965731001079729,0.0183363091030525
2056,NaN,NaN,NaN,0.0959855570346976,0.67238271641018,-0.0132179988271922,0.0967171476008432,0.675224706649899,-0.0121424791676134,0.965783425024839,0.0185166293725012
2057,NaN,NaN,NaN,0.0969125138328096,0.68273272794069,-0.0128274972883097,0.0972581063485613,0.685412584094168,-0.0120475372689949,0.965834105328132,0.0187126676069406
2058,NaN,NaN,NaN,0.0978422287174589,0.692264460174753,-0.0124110494272345,0.0978804726477873,0.695236848629934,-0.011853920224703,0.965835150756511,0.0189137202546152
2059,NaN,NaN,NaN,0.0982546004430056,0.70856877613787,-0.0113244065857746,0.0985555543150954,0.704570855262929,-0.0115791025850234,0.96573212190139,0.0191099913231272
2060,NaN,NaN,NaN,0.0999034595431833,0.731080316351741,-0.0111381779547306,0.099253313170243,0.713270161879191,-0.0112451948949053,0.965480327230235,0.0192927468676022
2061,NaN,NaN,NaN,0.100653006747459,0.731619860027057,-0.010597372022452,0.0999427145463784,0.721242227794922,-0.0108733503394752,0.965132070797433,0.0194533518610431
2062,NaN,NaN,NaN,0.101303092148165,0.733811662904036,-0.0102985537130988,0.10059779098847,0.728538647294331,-0.0104831080599592,0.96486488326743,0.0195890418378416
2063,NaN,NaN,NaN,0.101737555768565,0.733687166111503,-0.0100769855863121,0.101199640052153,0.735319758262658,-0.0100916578969853,0.964806967245767,0.0197001351146726
2064,NaN,NaN,NaN,0.102041325635747,0.733999732109153,-0.00975475243417379,0.101736210155953,0.741796129397463,-0.0097144575901461,0.965008724958577,0.0197881860152888
2065,NaN,NaN,NaN,0.10222842069353,0.73908732426563,-0.00971653992704635,0.102200773084567,0.748163087392463,-0.00936662321447937,0.965434163469667,0.0198545288260925
2066,NaN,NaN,NaN,0.102584520085833,0.749004693425139,-0.00926623802586723,0.102589607399195,0.754545430415399,-0.00906410657528886,0.965974080246366,0.0198991057965584
2067,NaN,NaN,NaN,0.102879517665442,0.758700439567473,-0.00813907515644197,0.102899682938148,0.760984387295984,-0.00882562394445221,0.966500088489871,0.0199198431131768
2068,NaN,NaN,NaN,0.103546278812579,0.767702333575603,-0.00744820267909752,0.103127947878259,0.767464751411382,-0.00867068602773068,0.966919056157129,0.0199140114710043
2069,NaN,NaN,NaN,0.103705004409772,0.773821528161788,-0.00733734367579553,0.103271910299611,0.773947008149295,-0.0086124625425857,0.967186332879254,0.019880126537847
2070,NaN,NaN,NaN,0.103290923244647,0.781325396423022,-0.00778050494785398,0.103332590492008,0.780389186501701,-0.00865258852457744,0.967297233659516,0.0198209678656129
2071,NaN,NaN,NaN,0.103352243759397,0.788343429117967,-0.00882204375809248,0.103314559317859,0.786750446558449,-0.00878058614328544,0.96726393643786,0.0197413245363069
2072,NaN,NaN,NaN,0.103710131212197,0.795646817497694,-0.00887493939313777,0.103222899608535,0.792998723396356,-0.00897802808081638,0.967116271643737,0.0196445140629789
2073,NaN,NaN,NaN,0.103059391214487,0.800116584699282,-0.00915523062143209,0.103063698071032,0.799118713429376,-0.00922512449098537,0.966895306629238,0.0195346029389974
2074,NaN,NaN,NaN,0.102824463360244,0.799302268807459,-0.0097947324522879,0.102846378624468,0.805117307061758,-0.00950134345520777,0.966649382656336,0.0194182414012066
2075,NaN,NaN,NaN,0.102954291716488,0.804172040562291,-0.0103314401243659,0.102581119546399,0.811002782813788,-0.00978600276000197,0.966401169765339,0.0193001575278198
2076,NaN,NaN,NaN,0.102134004978935,0.814844718095488,-0.0101642374076945,0.102278572522223,0.816734441050873,-0.0100611964536424,0.966109034386514,0.0191846320739596
2077,NaN,NaN,NaN,0.102115528116689,0.825310584202264,-0.010783488511006,0.101951621907156,0.822212612895632,-0.0103133589537784,0.965715169385623,0.0190773002167291
2078,NaN,NaN,NaN,0.101970763469779,0.831166909101917,-0.0105660591237168,0.10161308270996,0.827318619937409,-0.0105313282651597,0.965207591715339,0.0189816644541821
2079,NaN,NaN,NaN,0.101463906833307,0.83644415901913,-0.0107979189682557,0.101277232461376,0.831957942774697,-0.010707340187219,0.964622174368958,0.0189023565122239
2080,NaN,NaN,NaN,0.100675904608094,0.840389410698787,-0.0109396038304798,0.100961347519788,0.836074744403647,-0.0108348083506557,0.964010310552928,0.0188456646994861
2081,NaN,NaN,NaN,0.100126429523811,0.842635070284326,-0.0112354034403525,0.100684082922597,0.839657140380072,-0.0109079912371161,0.963428417186751,0.0188167438125296
2082,NaN,NaN,NaN,0.0998293443310784,0.844628294816935,-0.0111630577775855,0.100461546988898,0.842734867154274,-0.0109225567102393,0.962928806167365,0.0188169837066357
2083,NaN,NaN,NaN,0.099769804861995,0.846030593624873,-0.0112773899237851,0.100304547938182,0.845368165913218,-0.010876958736964,0.96254843945663,0.0188443019180107
2084,NaN,NaN,NaN,0.0999339240341468,0.847299651168367,-0.0108668504486635,0.100217797681682,0.84763615674667,-0.0107724961456086,0.962308532917656,0.0188945634918892
2085,NaN,NaN,NaN,0.100076271389336,0.848548181700846,-0.0109105239495615,0.100200864951151,0.849625041618021,-0.0106137280003798,0.962213971209505,0.0189631220798111
2086,NaN,NaN,NaN,0.100216114374377,0.851430629792773,-0.0111914309221938,0.100250296876948,0.851418058762514,-0.0104070225310537,0.96225663297856,0.0190462978176841
2087,NaN,NaN,NaN,0.100346736504798,0.854605160538641,-0.0106001829938103,0.100361266127485,0.853090649489101,-0.010162225991802,0.962419508353488,0.019141134758715
2088,NaN,NaN,NaN,0.100064339661455,0.855270444863815,-0.00931129902022354,0.100528480971853,0.854719076546555,-0.00989570380601459,0.96268905329057,0.0192446679980991
2089,NaN,NaN,NaN,0.100514514079921,0.8552992347223,-0.0088619293185741,0.100745712907591,0.856390750804097,-0.00962710730888861,0.963060504597186,0.0193530383410369
2090,NaN,NaN,NaN,0.101038391330861,0.856112720256323,-0.00877394926438424,0.101003194217268,0.858197508161649,-0.00937160157277353,0.963526079969502,0.0194600621974131
2091,NaN,NaN,NaN,0.101583716856261,0.857607333370703,-0.00877110441393059,0.101288878160711,0.860221252728029,-0.0091372089611713,0.964068554756479,0.0195608251416999
2092,NaN,NaN,NaN,0.101954098239031,0.859739339821984,-0.00877641900857129,0.101591062153174,0.862523611529463,-0.00892602272685809,0.964664269266619,0.0196531554949807
2093,NaN,NaN,NaN,0.102251193460302,0.862502180002478,-0.00863589167050582,0.101900699481934,0.865140412371567,-0.00873641276534465,0.965286257094735,0.0197376031876429
2094,NaN,NaN,NaN,0.10250263413437,0.865853771870969,-0.0084724746191065,0.102212274540355,0.868079891749256,-0.00856495597464139,0.96590659012592,0.0198162713233022
2095,NaN,NaN,NaN,0.102684996921715,0.869733372723232,-0.00855187608873553,0.102523731943343,0.871324085280237,-0.00840714479239983,0.966499449542052,0.0198919804519533
2096,NaN,NaN,NaN,0.102803059476583,0.874058372425346,-0.0084607651774965,0.102835833136325,0.87483291844006,-0.00825792331414917,0.967043869808658,0.0199676371576648
2097,NaN,NaN,NaN,0.10287685735417,0.878729195012355,-0.00829870558720747,0.103150859170538,0.878550553209127,-0.00811339604904347,0.967524777338186,0.0200452888882283
2098,NaN,NaN,NaN,0.103277240934199,0.883569957728626,-0.00790586976667729,0.103470680606514,0.882413558546265,-0.00797158906901102,0.96793442012231,0.0201251675235972
2099,NaN,NaN,NaN,0.103807244537562,0.888465325992926,-0.00774658433338071,0.103794942044182,0.886360349235861,-0.00783200716772028,0.968274297637807,0.0202054748289083
2100,NaN,NaN,NaN,0.104351293697985,0.893339491707458,-0.00785221016746152,0.104121544888168,0.890340971737872,-0.00769388074404929,0.968557308796465,0.0202844925035665
