cohort,age,year,pi_y,pi_m,pi_o,pi_alive,exp_c_uncond,exp_c_cond,exp_a_uncond,exp_a_cond,exp_ann_cond,exp_a_own_cond,npv
1973,0,1973,1,0,0,1,.20314346,.20314346,-1.0808049,-1.0808049,0,-1.0808049,38.979401
1973,1,1974,.80000001,.2,0,1,.25508738,.25508738,-.20511344,-.20511344,0,-.20511344,38.979401
1973,2,1975,.63999999,.35500002,.0049999999,1,.29849464,.29849464,.50346351,.50346351,0,.50346351,38.979401
1973,3,1976,.51199996,.47412503,.013409319,.99953431,.33496323,.33511931,1.0755498,1.076051,.0023066353,1.0737444,38.979401
1973,4,1977,.40959996,.56467187,.02400206,.99827391,.36579025,.36642271,1.5357318,1.5383872,.0084242597,1.5299629,38.979401
1973,5,1978,.32767996,.63247508,.035833623,.99598867,.39196789,.39354655,1.9038426,1.9115102,.019291908,1.8922184,38.979401
1973,6,1979,.26214397,.68219918,.048180249,.99252337,.41420168,.41732183,2.1959951,2.2125375,.03543565,2.1771019,38.979401
1973,7,1980,.20971517,.71757299,.060497396,.98778558,.43291983,.43827307,2.4254289,2.4554205,.057055492,2.398365,38.979401
1973,8,1981,.16777214,.74157667,.072395109,.98174393,.44824761,.45658302,2.6032474,2.6516562,.084059313,2.5675969,38.979401
1973,9,1982,.13421771,.75659168,.083623126,.97443253,.4600887,.47216067,2.7390306,2.8108981,.11608052,2.6948175,38.979401
1973,10,1983,.10737417,.76452041,.094052926,.96594751,.46834815,.48485878,2.8411713,2.9413309,.15253118,2.7887998,38.979401
1973,11,1984,.085899338,.76688224,.10364833,.9564299,.4731589,.4947136,2.9169095,3.0497892,.19270836,2.8570809,38.979401
1973,12,1985,.068719469,.76489007,.11243129,.94604081,.47491309,.50200063,2.9722581,3.1417863,.2359089,2.9058774,38.979401
1973,13,1986,.054975577,.75951171,.12045453,.93494183,.47412667,.50711888,3.0120313,3.2216244,.28150293,2.9401214,38.979401
1973,14,1987,.043980461,.75151902,.12777643,.92327589,.47142744,.51060301,3.039875,3.2924883,.3289879,2.9635005,38.979401
1973,15,1988,.035184368,.74152714,.13443735,.91114885,.46755749,.51315159,3.0582728,3.3565018,.37802601,2.9784758,38.979401
1973,16,1989,.028147494,.73002583,.14045171,.89862502,.46319175,.51544499,3.0686998,3.4148836,.42842555,2.9864581,38.979401
1973,17,1990,.022517996,.71740466,.1458182,.88574088,.45872286,.51789737,3.0719817,3.4682622,.48007393,2.9881883,38.979401
1973,18,1991,.018014397,.70397317,.15052578,.87251335,.45438102,.52077258,3.0685341,3.5168908,.53289956,2.9839911,38.979401
1973,19,1992,.014411518,.68997675,.15456194,.8589502,.45023772,.52417207,3.0585842,3.5608399,.58683598,2.9740038,38.979401
1973,20,1993,.011529215,.67560965,.15791902,.8450579,.44625789,.52807963,3.0423238,3.6001365,.64179844,2.958338,38.979401
1973,21,1994,.0092233717,.66102523,.16059636,.83084494,.44237024,.53243417,3.0199785,3.6348281,.697676,2.9371521,38.979401
1973,22,1995,.0073786974,.64634424,.16260566,.81632859,.43843746,.53708452,2.9918907,3.6650569,.75431663,2.9107404,38.979401
1973,23,1996,.0059029581,.63166136,.16397399,.80153829,.43429476,.54182661,2.9585602,3.6911027,.8115226,2.87958,38.979401
1973,24,1997,.0047223666,.61705041,.16474311,.78651589,.42979699,.54645687,2.9206307,3.713378,.86905742,2.8443205,38.979401
1973,25,1998,.0037778933,.60256863,.16496886,.7713154,.42481798,.55077076,2.8788683,3.732414,.92665392,2.8057601,38.979401
1973,26,1999,.0030223145,.58825999,.16472077,.75600308,.41924244,.55455124,2.8341448,3.7488534,.98402572,2.7648277,38.979401
1973,27,2000,.0024178517,.57415795,.16407867,.74065447,.4129988,.55761331,2.7873857,3.7634089,1.0408868,2.7225223,38.979401
1973,28,2001,.0019342813,.56028759,.16312709,.72534895,.40607485,.55983377,2.7395022,3.7768059,1.0969753,2.6798306,38.979401
1973,29,2002,.0015474251,.54666728,.16195226,.71016693,.39848492,.56111443,2.6913569,3.7897525,1.1520702,2.6376824,38.979401
1973,30,2003,.00123794,.53331006,.16063516,.69518316,.39030665,.56144434,2.6436975,3.8028791,1.206009,2.5968699,38.979401
1973,31,2004,.00099035201,.52022487,.15924895,.68046415,.38163504,.5608452,2.5971432,3.8167231,1.2586931,2.5580301,38.979401
1973,32,2005,.00079228159,.50741732,.15785681,.66606641,.37257898,.55937213,2.5521863,3.8317294,1.3100849,2.5216446,38.979401
1973,33,2006,.00063382526,.49489033,.15650672,.65203089,.36329579,.55717576,2.5091584,3.8482201,1.3602061,2.488014,38.979401
1973,34,2007,.00050706021,.48264483,.15523234,.63838422,.35393405,.55442166,2.4682462,3.866396,1.4091207,2.4572754,38.979401
1973,35,2008,.00040564817,.47068012,.1540648,.62515056,.34451067,.55108434,2.4296246,3.8864632,1.4569104,2.4295528,38.979401
1973,36,2009,.00032451854,.45899424,.15304369,.61236244,.33492807,.54694414,2.393584,3.9087701,1.50366,2.4051101,38.979401
1973,37,2010,.00025961484,.4475843,.15221833,.60006225,.32507446,.54173458,2.3605478,3.9338381,1.5494554,2.3843827,38.979401
1973,38,2011,.00020769188,.43644661,.15163264,.58828694,.31499887,.53545105,2.3309028,3.9621871,1.5943912,2.3677959,38.979401
1973,39,2012,.00016615351,.42557698,.15131879,.57706195,.30481675,.52822191,2.3049202,3.9942336,1.6385615,2.3556721,38.979401
1973,40,2013,.00013292281,.41497079,.15129083,.56639457,.29471335,.52033222,2.2826827,4.0301986,1.6820514,2.3481472,38.979401
1973,41,2014,.00010633825,.40462309,.15153578,.55626523,.28497669,.51230359,2.2639742,4.0699544,1.7249339,2.3450205,38.979401
1973,42,2015,.000085070598,.39452878,.15201788,.54663169,.27585536,.50464576,2.2483096,4.1130247,1.7672608,2.3457639,38.979401
1973,43,2016,.000068056477,.38468257,.15268698,.53743762,.26750761,.49774635,2.2350259,4.1586704,1.8090608,2.3496096,38.979401
1973,44,2017,.000054445183,.37507913,.15349306,.52862662,.25992447,.49169767,2.2234526,4.2060928,1.8503413,2.3557515,38.979401
1973,45,2018,.000043556145,.36571303,.15440035,.52015692,.25293103,.48625907,2.2130864,4.2546515,1.8910817,2.3635697,38.979401
1973,46,2019,.000034844918,.35657892,.15538944,.51200318,.24632709,.48110461,2.2036264,4.3039312,1.9312338,2.3726974,38.979401
1973,47,2020,.000027875934,.34767142,.15644853,.50414783,.24001783,.47608623,2.1948695,4.3536229,1.9707326,2.3828902,38.979401
1973,48,2021,.000022300748,.3389852,.15756221,.49656972,.23404114,.47131577,2.1865759,4.4033613,2.0095153,2.393846,38.979401
1973,49,2022,.000017840599,.33051503,.15870441,.48923728,.22851974,.46709388,2.1783826,4.4526095,2.0475445,2.4050651,38.979401
1973,50,2023,.000014272479,.32225573,.15983793,.48210794,.22357714,.46374914,2.169805,4.5006623,2.0848284,2.415834,38.979401
1973,51,2024,.000011417984,.31420219,.16091776,.47513136,.21928853,.46153241,2.1602893,4.54672,2.1214345,2.4252856,38.979401
1973,52,2025,9.1343873e-06,.30634943,.1618925,.46825105,.21570091,.46065226,2.149241,4.5899329,2.1575019,2.432431,38.979401
1973,53,2026,7.3075098e-06,.29869252,.16270655,.46140638,.21282794,.46125919,2.1360552,4.6294446,2.1932456,2.4361989,38.979401
1973,54,2027,5.8460078e-06,.29122669,.16330357,.45453611,.21064197,.46342185,2.1201541,4.6644349,2.22895,2.4354849,38.979401
1973,55,2028,4.6768064e-06,.2839472,.16364507,.44759694,.20890336,.46672204,2.1012084,4.6944208,2.2648964,2.4295244,38.979401
1973,56,2029,3.7414452e-06,.27684945,.16371962,.44057283,.20728651,.47049317,2.0792317,4.7193828,2.3012965,2.4180863,38.979401
1973,57,2030,2.9931562e-06,.26992896,.16354197,.43347391,.2054988,.47407421,2.0545516,4.7397351,2.3382599,2.4014752,38.979401
1973,58,2031,2.3945249e-06,.26318133,.16314964,.42633337,.20330448,.47686741,2.0277464,4.7562461,2.3757746,2.3804715,38.979401
1973,59,2032,1.9156200e-06,.25660229,.16259271,.4191969,.2005939,.47851953,1.9995109,4.7698607,2.4137313,2.3561294,38.979401
1973,60,2033,1.5324961e-06,.25018761,.16191997,.41210911,.19741239,.47902942,1.9704889,4.7814736,2.4519804,2.3294933,38.979401
1973,61,2034,1.2259968e-06,.24393322,.161175,.40510944,.1938417,.47849217,1.9412298,4.7918653,2.4903548,2.3015106,38.979401
1973,62,2035,9.8079749e-07,.23783512,.16039698,.39823309,.18994904,.47697955,1.9122032,4.8017187,2.5286734,2.2730453,38.979401
1973,63,2036,7.8463802e-07,.23188944,.1596197,.39150992,.18580736,.4745917,1.8837935,4.8116112,2.56675,2.2448611,38.979401
1973,64,2037,6.2771039e-07,.22609237,.15886657,.38495958,.1815393,.47158015,1.8562486,4.8219314,2.6044245,2.2175069,38.979401
1973,65,2038,5.0216829e-07,.22044018,.1581503,.37859097,.17726232,.46821591,1.829684,4.8328781,2.6415756,2.1913025,38.979401
1973,66,2039,4.0173464e-07,.21492927,.1574737,.37240335,.17308088,.46476725,1.8040963,4.8444686,2.6781213,2.1663473,38.979401
1973,67,2040,3.2138772e-07,.20955612,.15682685,.36638328,.16912514,.46160713,1.779337,4.8564906,2.7140517,2.1424389,38.979401
1973,68,2041,2.5711017e-07,.20431727,.15618506,.3605026,.16554411,.45920363,1.7550944,4.8684654,2.7494595,2.1190059,38.979401
1973,69,2042,2.0568814e-07,.19920939,.1555164,.35472599,.16239855,.45781407,1.7309859,4.8797832,2.7845113,2.0952718,38.979401
1973,70,2043,1.6455051e-07,.1942292,.15479422,.34902358,.15961036,.45730537,1.7067059,4.8899446,2.8193717,2.0705729,38.979401
1973,71,2044,1.3164041e-07,.18937351,.15400197,.34337559,.15705036,.45737192,1.6820819,4.898665,2.8541651,2.0444999,38.979401
1973,72,2045,1.0531232e-07,.1846392,.15313469,.33777401,.15458196,.45764908,1.6570821,4.90589,2.8889513,2.0169387,38.979401
1973,73,2046,8.4249862e-08,.18002324,.15219304,.33221635,.15214016,.45795506,1.6317402,4.9116793,2.9237604,1.9879189,38.979401
1973,74,2047,6.7399888e-08,.17552267,.15118729,.32671002,.14962496,.45797482,1.6061901,4.916256,2.9585502,1.9577057,38.979401
1973,75,2048,5.3919912e-08,.17113462,.15013438,.32126907,.1469731,.45747668,1.5806292,4.9199548,2.9932189,1.9267359,38.979401
1973,76,2049,4.3135930e-08,.16685626,.14905274,.31590903,.14417794,.45639071,1.5552598,4.9231257,3.0276396,1.8954861,38.979401
1973,77,2050,3.4508744e-08,.16268486,.14795892,.31064382,.14126562,.45475107,1.5302544,4.9260736,3.0616856,1.864388,38.979401
1973,78,2051,2.7606996e-08,.15861775,.14686552,.30548328,.13828109,.45266336,1.5057366,4.9290309,3.0952528,1.8337781,38.979401
1973,79,2052,2.2085597e-08,.15465231,.14577892,.30043125,.1352914,.45032397,1.4817592,4.9321074,3.1282847,1.8038228,38.979401
1973,80,2053,1.7668478e-08,.15078601,.14469703,.29548305,.13238688,.44803545,1.4582809,4.9352441,3.1608071,1.774437,38.979401
1990,0,1990,1,0,0,1,.20942309,.20942309,-1.1792549,-1.1792549,0,-1.1792549,37.107536
1990,1,1991,.80000001,.2,0,1,.26132527,.26132527,-.27342162,-.27342162,0,-.27342162,37.107536
1990,2,1992,.63999999,.35500002,.0049999999,1,.30438283,.30438283,.46627933,.46627933,0,.46627933,37.107536
1990,3,1993,.51199996,.47412503,.01342559,.99955058,.34029037,.34044337,1.0689803,1.069461,.0022157764,1.0672452,37.107536
1990,4,1994,.40959996,.56467187,.024070397,.99834222,.37037128,.37098628,1.5583007,1.5608883,.0080582174,1.5528301,37.107536
1990,5,1995,.32767996,.63247508,.036011469,.99616653,.39561802,.39714044,1.9535539,1.9610716,.018377027,1.9426945,37.107536
1990,6,1996,.26214397,.68219918,.048547816,.99289095,.41674387,.41972774,2.2706733,2.2869313,.033618931,2.2533123,37.107536
1990,7,1997,.20971517,.71757299,.061155103,.98844326,.43425879,.43933609,2.5229347,2.5524325,.053931866,2.4985006,37.107536
1990,8,1998,.16777214,.74157667,.073451772,.9828006,.44852355,.45637289,2.721487,2.7691143,.079235628,2.6898787,37.107536
1990,9,1999,.13421771,.75659168,.085173443,.97598284,.45978487,.47109932,2.875736,2.9465027,.10927151,2.8372312,37.107536
1990,10,2000,.10737417,.76452041,.096151814,.96804637,.46823335,.48368898,2.9936473,3.0924628,.14364567,2.948817,37.107536
1990,11,2001,.085899338,.76688224,.10629563,.95907724,.47405103,.49427825,3.0819521,3.2134557,.18187298,3.0315826,37.107536
1990,12,2002,.068719469,.76489007,.11557489,.94918442,.47740743,.50296593,3.1463301,3.3147721,.22341383,3.0913582,37.107536
1990,13,2003,.054975577,.75951171,.12400418,.93849146,.47851425,.50987595,3.1915183,3.4006898,.26771724,3.1329727,37.107536
1990,14,2004,.043980461,.75151902,.1316295,.92712897,.47759515,.51513344,3.2214458,3.4746468,.31425104,3.1603959,37.107536
1990,15,2005,.035184368,.74152714,.1385168,.91522831,.4748877,.51887345,3.2393677,3.5394094,.36252505,3.1768844,37.107536
1990,16,2006,.028147494,.73002583,.14473903,.90291238,.47068775,.52129948,3.2479327,3.5971737,.41211858,3.185055,37.107536
1990,17,2007,.022517996,.71740466,.15036914,.89029181,.4652901,.52262652,3.2492664,3.6496644,.46268412,3.1869802,37.107536
1990,18,2008,.018014397,.70397317,.1554852,.87747276,.4588325,.52290225,3.2451773,3.6983225,.51391369,3.1844089,37.107536
1990,19,2009,.014411518,.68997675,.1601785,.86456674,.4512977,.52199292,3.2373686,3.7444983,.56550419,3.1789942,37.107536
1990,20,2010,.011529215,.67560965,.16455427,.85169315,.44262838,.51970404,3.2275147,3.7895277,.6171506,3.1723771,37.107536
1990,21,2011,.0092233717,.66102523,.16871494,.83896351,.43295613,.51606077,3.2170897,3.8346002,.66859078,3.1660094,37.107536
1990,22,2012,.0073786974,.64634424,.17275099,.82647395,.42249778,.5112052,3.2072821,3.8806813,.71961796,3.1610632,37.107536
1990,23,2013,.0059029581,.63166136,.17673133,.81429565,.41156599,.50542575,3.1989167,3.9284463,.77009487,3.1583514,37.107536
1990,24,2014,.0047223666,.61705041,.18069024,.802463,.40061799,.49923545,3.1923122,3.9781425,.81997615,3.1581664,37.107536
1990,25,2015,.0037778933,.60256863,.18462962,.79097617,.3900674,.49314684,3.1873233,4.0296073,.86929047,3.1603169,37.107536
1990,26,2016,.0030223145,.58825999,.18852735,.77980965,.38020802,.48756516,3.1834645,4.0823612,.91811275,3.1642485,37.107536
1990,27,2017,.0024178517,.57415795,.19235465,.76893044,.3710995,.4826178,3.1801555,4.1358171,.96651661,3.1693006,37.107536
1990,28,2018,.0019342813,.56028759,.19609454,.7583164,.36255988,.47811162,3.1769743,4.1895103,1.0145258,3.1749845,37.107536
1990,29,2019,.0015474251,.54666728,.19974618,.74796087,.35435596,.47376269,3.1737232,4.2431674,1.062104,3.1810634,37.107536
1990,30,2020,.00123794,.53331006,.20331511,.73786312,.34638882,.4694486,3.1703014,4.2965984,1.1091866,3.1874118,37.107536
1990,31,2021,.00099035201,.52022487,.20679963,.72801483,.33873898,.46529132,3.1665275,4.3495369,1.1557264,3.1938105,37.107536
1990,32,2022,.00079228159,.50741732,.21018146,.71839106,.33160451,.4615933,3.1620195,4.4015298,1.2017301,3.1997995,37.107536
1990,33,2023,.00063382526,.49489033,.21342507,.70894921,.32518423,.4586848,3.1561997,4.4519405,1.2472736,3.2046671,37.107536
1990,34,2024,.00050706021,.48264483,.2164818,.69963372,.31960741,.45682105,3.1483715,4.5000281,1.2924993,3.2075288,37.107536
1990,35,2025,.00040564817,.47068012,.21929187,.69037765,.31496096,.45621547,3.1377621,4.5449939,1.3376222,3.2073717,37.107536
1990,36,2026,.00032451854,.45899424,.22178739,.68110615,.31128213,.4570244,3.1235662,4.5860195,1.3829257,3.2030938,37.107536
1990,37,2027,.00025961484,.4475843,.22389726,.67174119,.30854648,.45932347,3.1050045,4.6223226,1.4287481,3.1935744,37.107536
1990,38,2028,.00020769188,.43644661,.22557293,.66222721,.30642176,.46271393,3.0816405,4.6534491,1.4753724,3.1780767,37.107536
1990,39,2029,.00016615351,.42557698,.22680184,.65254498,.30444649,.4665525,3.0535238,4.6794076,1.5229504,3.1564572,37.107536
1990,40,2030,.00013292281,.41497079,.22760713,.64271086,.30220148,.47019818,3.0211515,4.7006388,1.5714824,3.1291564,37.107536
1990,41,2031,.00010633825,.40462309,.22804363,.63277304,.29934555,.47306937,2.9853828,4.717936,1.6208156,3.0971203,37.107536
1990,42,2032,.000085070598,.39452878,.22818416,.62279803,.29571745,.47482079,2.9472451,4.7322645,1.6706921,3.0615726,37.107536
1990,43,2033,.000068056477,.38468257,.22810028,.6128509,.29137996,.47544998,2.9076939,4.7445374,1.7208365,3.0237007,37.107536
1990,44,2034,.000054445183,.37507913,.22785677,.60299033,.28644958,.47504839,2.867548,4.7555456,1.770982,2.9845636,37.107536
1990,45,2035,.000043556145,.36571303,.22751249,.59326911,.28102246,.47368464,2.8275111,4.7659841,1.8208697,2.9451144,37.107536
1990,46,2036,.000034844918,.35657892,.22711898,.58373272,.27520409,.47145566,2.788162,4.7764359,1.8702568,2.906179,37.107536
1990,47,2037,.000027875934,.34767142,.22671309,.57441241,.2691735,.46860671,2.7498815,4.7872949,1.9189544,2.8683405,37.107536
1990,48,2038,.000022300748,.3389852,.2263165,.56532401,.26310346,.46540293,2.7128553,4.7987618,1.966836,2.8319259,37.107536
1990,49,2039,.000017840599,.33051503,.22593652,.55646938,.25714856,.4621073,2.677094,4.8108559,2.0138369,2.797019,37.107536
1990,50,2040,.000014272479,.32225573,.22556205,.54783207,.25150234,.45908654,2.6423945,4.8233657,2.0599837,2.763382,37.107536
1990,51,2041,.000011417984,.31420219,.22516032,.53937393,.24638695,.45680174,2.6083109,4.8358121,2.1054292,2.7303829,37.107536
1990,52,2042,9.1343873e-06,.30634943,.2246877,.53104627,.24189542,.45550725,2.5742917,4.8475847,2.1504021,2.6971827,37.107536
1990,53,2043,7.3075098e-06,.29869252,.22410765,.52280748,.23791613,.45507407,2.5398958,4.8581858,2.1951144,2.6630714,37.107536
1990,54,2044,5.8460078e-06,.29122669,.22339794,.5146305,.23426108,.45520249,2.5048766,4.8673301,2.2397137,2.6276164,37.107536
1990,55,2045,4.6768064e-06,.2839472,.22255281,.50650465,.23073028,.45553437,2.4691932,4.8749666,2.2842627,2.590704,37.107536
1990,56,2046,3.7414452e-06,.27684945,.2215745,.49842769,.22722863,.45589086,2.4329014,4.8811522,2.3287821,2.5523701,37.107536
1990,57,2047,2.9931562e-06,.26992896,.22047918,.49041113,.22360887,.45596206,2.3962042,4.8861132,2.3732085,2.5129046,37.107536
1990,58,2048,2.3945249e-06,.26318133,.21929274,.48247647,.21977736,.45551932,2.3593986,4.8901839,2.4174106,2.4727733,37.107536
1990,59,2049,1.9156200e-06,.25660229,.21804322,.47464743,.21572419,.45449352,2.3227885,4.8937135,2.4612327,2.4324808,37.107536
1990,60,2050,1.5324961e-06,.25018761,.21675599,.46694511,.21148795,.45291823,2.2866342,4.8970084,2.5045273,2.3924811,37.107536
1990,61,2051,1.2259968e-06,.24393322,.21545064,.4593851,.20713539,.45089707,2.2511237,4.9002976,2.5471752,2.3531225,37.107536
1990,62,2052,9.8079749e-07,.23783512,.21413767,.45197377,.2027663,.44862404,2.2163403,4.9036922,2.5891173,2.314575,37.107536
1990,63,2053,7.8463802e-07,.23188944,.21281502,.44470525,.19851552,.44639796,2.1822269,4.9071312,2.6303856,2.2767456,37.107536
1990,64,2054,6.2771039e-07,.22609237,.21146595,.43755895,.19453862,.44459981,2.1485686,4.9103522,2.6711335,2.2392187,37.107536
1990,65,2055,5.0216829e-07,.22044018,.21005665,.43049732,.19101204,.44370088,2.1149724,4.9128585,2.7116704,2.2011881,37.107536
1990,66,2056,4.0173464e-07,.21492927,.20854621,.42347586,.18799642,.44393656,2.0809889,4.9140673,2.7523985,2.1616688,37.107536
1990,67,2057,3.2138772e-07,.20955612,.20690885,.41646528,.18531172,.44496319,2.0463624,4.9136448,2.7936385,2.1200063,37.107536
1990,68,2058,2.5711017e-07,.20431727,.20514145,.40945899,.18270679,.44621509,2.0111043,4.9116135,2.8355474,2.076066,37.107536
1990,69,2059,2.0568814e-07,.19920939,.20325756,.40246716,.18000832,.44726214,1.9754096,4.9082503,2.8781433,2.030107,37.107536
1990,70,2060,1.6455051e-07,.1942292,.20127317,.39550254,.17720023,.44803816,1.9394883,4.9038582,2.9214096,1.9824486,37.107536
1990,71,2061,1.3164041e-07,.18937351,.19919133,.38856497,.17442614,.44889826,1.9033965,4.8985281,2.9654312,1.9330969,37.107536
1990,72,2062,1.0531232e-07,.1846392,.19700624,.38164556,.17177951,.45010221,1.8670856,4.8921976,3.01037,1.8818276,37.107536
1990,73,2063,8.4249862e-08,.18002324,.19470978,.37473309,.16928086,.45173714,1.8304816,4.8847613,3.0564146,1.8283467,37.107536
1990,74,2064,6.7399888e-08,.17552267,.19230236,.36782509,.16683851,.45358109,1.7936029,4.8762388,3.1036766,1.7725623,37.107536
1990,75,2065,5.3919912e-08,.17113462,.18978952,.36092418,.16439965,.45549637,1.7565213,4.8667321,3.1522143,1.7145178,37.107536
1990,76,2066,4.3135930e-08,.16685626,.18717775,.35403404,.1619551,.45745632,1.7193145,4.8563538,3.2020662,1.6542876,37.107536
1990,77,2067,3.4508744e-08,.16268486,.18447968,.34716457,.15944529,.45927867,1.6821156,4.8452973,3.2531972,1.5921001,37.107536
1990,78,2068,2.7606996e-08,.15861775,.18172239,.34034017,.15673305,.46051881,1.6451941,4.8339696,3.3054039,1.5285656,37.107536
1990,79,2069,2.2085597e-08,.15465231,.17895068,.33360302,.15365729,.46059921,1.6089807,4.82304,3.3582628,1.4647772,37.107536
1990,80,2070,1.7668478e-08,.15078601,.17622285,.32700887,.15010367,.4590202,1.574019,4.8133831,3.4111526,1.4022305,37.107536
2006,0,2006,1,0,0,1,.22371344,.22371344,-1.2364696,-1.2364696,0,-1.2364696,35.551865
2006,1,2007,.80000001,.2,0,1,.27452725,.27452725,-.28335261,-.28335261,0,-.28335261,35.551865
2006,2,2008,.63999999,.35500002,.0049999999,1,.31592181,.31592181,.49154913,.49154913,0,.49154913,35.551865
2006,3,2009,.51199996,.47412503,.013459976,.99958497,.34913912,.34928408,1.1219589,1.1224247,.0020854084,1.1203393,35.551865
2006,4,2010,.40959996,.56467187,.024231315,.99850315,.37514597,.37570834,1.6355495,1.6380014,.007422857,1.6305786,35.551865
2006,5,2011,.32767996,.63247508,.036473628,.99662864,.39479089,.39612636,2.0550313,2.0619829,.016525814,2.0454571,35.551865
2006,6,2012,.26214397,.68219918,.049585447,.99392861,.4088923,.41139001,2.3989379,2.4135919,.029469717,2.3841221,35.551865
2006,7,2013,.20971517,.71757299,.063144848,.99043298,.41829687,.42233738,2.6822979,2.7082074,.046066545,2.6621408,35.551865
2006,8,2014,.16777214,.74157667,.076856457,.98620528,.42395964,.42988986,2.9170663,2.9578693,.066012457,2.8918569,35.551865
2006,9,2015,.13421771,.75659168,.090509936,.98131931,.42682922,.43495446,3.112555,3.1718066,.088986568,3.0828199,35.551865
2006,10,2016,.10737417,.76452041,.10395064,.97584522,.42774463,.43833244,3.2759044,3.3569918,.11470336,3.2422884,35.551865
2006,11,2017,.085899338,.76688224,.11706506,.96984661,.42728424,.44056889,3.4126179,3.5187192,.14291245,3.3758068,35.551865
2006,12,2018,.068719469,.76489007,.12977751,.96338707,.42570367,.44188228,3.5271072,3.6611528,.17336346,3.4877894,35.551865
2006,13,2019,.054975577,.75951171,.14204633,.95653361,.42309779,.44232401,3.6230392,3.7876759,.20578612,3.5818896,35.551865
2006,14,2020,.043980461,.75151902,.15385327,.94935274,.41960976,.44199562,3.7034461,3.9010222,.23990868,3.6611135,35.551865
2006,15,2021,.035184368,.74152714,.16518885,.94190037,.41552144,.44115222,3.7707024,4.0032921,.27549869,3.7277935,35.551865
2006,16,2022,.028147494,.73002583,.17603968,.93421298,.41122034,.44017836,3.8264992,4.0959601,.31240055,3.7835596,35.551865
2006,17,2023,.022517996,.71740466,.18638222,.92630488,.40708476,.43947169,3.8719211,4.1799641,.35054943,3.8294146,35.551865
2006,18,2024,.018014397,.70397317,.19618216,.91816974,.40340185,.43935433,3.907589,4.255846,.38996583,3.8658803,35.551865
2006,19,2025,.014411518,.68997675,.20539339,.90978163,.40039378,.44009876,3.9337618,4.3238525,.43075606,3.8930964,35.551865
2006,20,2026,.011529215,.67560965,.21395895,.90109783,.39820859,.44191495,3.9504282,4.384017,.47310507,3.910912,35.551865
2006,21,2027,.0092233717,.66102523,.22181477,.89206338,.39690572,.44492996,3.9574134,4.4362469,.51725805,3.9189887,35.551865
2006,22,2028,.0073786974,.64634424,.22891495,.88263786,.39615658,.44883251,3.9547911,4.4806499,.56339943,3.9172506,35.551865
2006,23,2029,.0059029581,.63166136,.23524785,.87281215,.39544725,.45307258,3.9431043,4.5177011,.61157209,3.9061291,35.551865
2006,24,2030,.0047223666,.61705041,.24083902,.86261177,.39428705,.45708516,3.9233594,4.548233,.66165745,3.8865757,35.551865
2006,25,2031,.0037778933,.60256863,.24574979,.85209632,.39225942,.46034634,3.8969505,4.5733685,.71337706,3.8599916,35.551865
2006,26,2032,.0030223145,.58825999,.25006446,.8413468,.3891561,.46253946,3.865442,4.5943503,.76635033,3.8280001,35.551865
2006,27,2033,.0024178517,.57415795,.25387004,.83044583,.38504335,.4636586,3.8302813,4.6123195,.82019001,3.7921295,35.551865
2006,28,2034,.0019342813,.56028759,.25724941,.8194713,.38005763,.46378395,3.7927201,4.6282525,.87453288,3.7537196,35.551865
2006,29,2035,.0015474251,.54666728,.26028135,.80849606,.37431425,.46297598,3.7538412,4.6429925,.9290368,3.7139556,35.551865
2006,30,2036,.00123794,.53331006,.26303816,.79758614,.36794379,.46132171,3.7145503,4.6572404,.9833889,3.6738515,35.551865
2006,31,2037,.00099035201,.52022487,.26557651,.78679174,.36117512,.45904794,3.6754825,4.6714807,1.0373485,3.6341321,35.551865
2006,32,2038,.00079228159,.50741732,.26793581,.7761454,.35423443,.45640215,3.6370084,4.6859884,1.0907537,3.5952349,35.551865
2006,33,2039,.00063382526,.49489033,.27013829,.76566243,.3473292,.4536323,3.5992553,4.7008386,1.1435196,3.5573189,35.551865
2006,34,2040,.00050706021,.48264483,.27218342,.75533533,.34072155,.45108646,3.562058,4.7158632,1.1956701,3.5201931,35.551865
2006,35,2041,.00040564817,.47068012,.2740432,.74512899,.33471546,.44920471,3.5249214,4.730619,1.2473679,3.4832511,35.551865
2006,36,2042,.00032451854,.45899424,.27567458,.73499334,.32944947,.44823465,3.4871943,4.744525,1.2988578,3.4456673,35.551865
2006,37,2043,.00025961484,.4475843,.27704108,.72488499,.32479227,.44806042,3.4483552,4.7571068,1.3503573,3.4067495,35.551865
2006,38,2044,.00020769188,.43644661,.27812228,.71477658,.3205075,.44840235,3.4081264,4.7681003,1.4020063,3.3660941,35.551865
2006,39,2045,.00016615351,.42557698,.2789171,.70466024,.31633809,.44892287,3.3664937,4.7774706,1.453846,3.3236246,35.551865
2006,40,2046,.00013292281,.41497079,.27943397,.6945377,.3121624,.4494535,3.3235652,4.7852912,1.5058706,3.2794206,35.551865
2006,41,2047,.00010633825,.40462309,.27969834,.6844278,.30778691,.44969961,3.2796397,4.7917981,1.5579809,3.2338171,35.551865
2006,42,2048,.000085070598,.39452878,.27974805,.67436188,.30308715,.44944286,3.2351391,4.7973337,1.6100062,3.1873274,35.551865
2006,43,2049,.000068056477,.38468257,.27962387,.66437447,.29804927,.44861639,3.1904945,4.8022532,1.6617547,3.1404986,35.551865
2006,44,2050,.000054445183,.37507913,.27936333,.65449691,.29272464,.44725138,3.1460795,4.8068671,1.7130469,3.0938201,35.551865
2006,45,2051,.000043556145,.36571303,.27899668,.64475328,.28720307,.44544646,3.1021698,4.8114061,1.763741,3.0476651,35.551865
2006,46,2052,.000034844918,.35657892,.27854228,.63515604,.28162029,.44338757,3.0589001,4.8159823,1.8137622,3.0022202,35.551865
2006,47,2053,.000027875934,.34767142,.27800211,.62570143,.2761611,.44136244,3.0162158,4.8205352,1.8631358,2.9573994,35.551865
2006,48,2054,.000022300748,.3389852,.27735862,.61636615,.27104041,.43973929,2.9738464,4.8248048,1.9120154,2.9127893,35.551865
2006,49,2055,.000017840599,.33051503,.27657124,.60710412,.26650342,.43897483,2.9312787,4.8282967,1.9607161,2.8675804,35.551865
2006,50,2056,.000014272479,.32225573,.27558935,.59785932,.26263899,.43929896,2.8879197,4.8304334,2.0096436,2.8207898,35.551865
2006,51,2057,.000011417984,.31420219,.2743814,.58859503,.25920683,.4403823,2.8434358,4.8308864,2.0591054,2.771781,35.551865
2006,52,2058,9.1343873e-06,.30634943,.2729454,.57930398,.25586686,.44167978,2.797857,4.8296871,2.1092296,2.7204576,35.551865
2006,53,2059,7.3075098e-06,.29869252,.27130136,.57000118,.25238284,.44277599,2.7514639,4.8271198,2.1599967,2.6671231,35.551865
2006,54,2060,5.8460078e-06,.29122669,.26947254,.56070507,.24873275,.44360709,2.7045567,4.8234925,2.2113574,2.6121352,35.551865
2006,55,2061,4.6768064e-06,.2839472,.26746491,.55141675,.24511436,.44451743,2.6572256,4.8189063,2.2633762,2.5555301,35.551865
2006,56,2062,3.7414452e-06,.27684945,.2652725,.5421257,.24165763,.44575942,2.6094153,4.813303,2.3162017,2.4971013,35.551865
2006,57,2063,2.9931562e-06,.26992896,.26288599,.53281796,.23839262,.44741851,2.5610344,4.8065844,2.3700113,2.436573,35.551865
2006,58,2064,2.3945249e-06,.26318133,.26030743,.52349114,.23519422,.44928023,2.5121174,4.7987771,2.4249017,2.3738754,35.551865
2006,59,2065,1.9156200e-06,.25660229,.25754565,.51414984,.23199014,.45121115,2.4627721,4.789989,2.4809153,2.3090737,35.551865
2006,60,2066,1.5324961e-06,.25018761,.25461075,.5047999,.22876814,.4531858,2.4131136,4.7803369,2.5380783,2.2422585,35.551865
2006,61,2067,1.2259968e-06,.24393322,.25152114,.49545559,.22544581,.45502728,2.3633337,4.7700214,2.5963433,2.1736782,35.551865
2006,62,2068,9.8079749e-07,.23783512,.24831501,.4861511,.22183216,.45630291,2.313812,4.7594504,2.6554909,2.1039596,35.551865
2006,63,2069,7.8463802e-07,.23188944,.24505489,.4769451,.21770166,.45645013,2.2651529,4.7492948,2.7150784,2.0342164,35.551865
2006,64,2070,6.2771039e-07,.22609237,.24182211,.46791512,.21289253,.45498109,2.2181184,4.7404289,2.774467,1.9659619,35.551865
2006,65,2071,5.0216829e-07,.22044018,.23856354,.45900422,.20871006,.45470184,2.1721277,4.7322607,2.8340895,1.8981712,35.551865
2006,66,2072,4.0173464e-07,.21492927,.23528373,.4502134,.20459698,.45444444,2.1271565,4.7247739,2.8939731,1.8308008,35.551865
2006,67,2073,3.2138772e-07,.20955612,.23198701,.44154346,.20055214,.454207,2.0831695,4.717926,2.9541068,1.7638192,35.551865
2006,68,2074,2.5711017e-07,.20431727,.22867744,.43299496,.19657476,.45398858,2.0401344,4.7116818,3.0144818,1.6972001,35.551865
2006,69,2075,2.0568814e-07,.19920939,.22535884,.42456844,.19266412,.45378813,1.9980221,4.706007,3.0750878,1.6309192,35.551865
2006,70,2076,1.6455051e-07,.1942292,.22203484,.41626421,.18881945,.45360482,1.9568046,4.7008719,3.1359167,1.5649552,35.551865
2006,71,2077,1.3164041e-07,.18937351,.21870883,.40808246,.18504003,.45343783,1.9164559,4.6962466,3.19696,1.4992867,35.551865
2006,72,2078,1.0531232e-07,.1846392,.21538398,.40002328,.18132511,.45328638,1.8769509,4.6921039,3.2582088,1.4338951,35.551865
2006,73,2079,8.4249862e-08,.18002324,.21206328,.3920866,.17767397,.4531498,1.838266,4.6884184,3.3196561,1.3687623,35.551865
2006,74,2080,6.7399888e-08,.17552267,.20874956,.38427231,.17408587,.45302737,1.8003792,4.6851649,3.3812933,1.3038716,35.551865
2006,75,2081,5.3919912e-08,.17113462,.20544542,.37658009,.17056008,.45291847,1.7632687,4.6823206,3.4431131,1.2392075,35.551865
2006,76,2082,4.3135930e-08,.16685626,.20215334,.36900964,.16709585,.45282245,1.7269148,4.6798635,3.5051076,1.1747558,35.551865
2006,77,2083,3.4508744e-08,.16268486,.19887561,.36156049,.16369246,.45273879,1.691298,4.6777735,3.5672691,1.1105044,35.551865
2006,78,2084,2.7606996e-08,.15861775,.19561437,.35423213,.16034916,.45266691,1.6563998,4.6760292,3.6295903,1.0464389,35.551865
2006,79,2085,2.2085597e-08,.15465231,.19237164,.34702396,.15706518,.45260617,1.622203,4.674614,3.6920629,.9825511,35.551865
2006,80,2086,1.7668478e-08,.15078601,.18914926,.3399353,.1538398,.4525561,1.5886903,4.6735077,3.7546794,.91882825,35.551865
2022,0,2022,1,0,0,1,.27882895,.27882895,-1.4285314,-1.4285314,0,-1.4285314,34.737171
2022,1,2023,.80000001,.2,0,1,.30753684,.30753684,-.34851351,-.34851351,0,-.34851351,34.737171
2022,2,2024,.63999999,.35500002,.0049999999,1,.3298437,.3298437,.53582555,.53582555,0,.53582555,34.737171
2022,3,2025,.51199996,.47412503,.013661217,.9997862,.34744892,.34752321,1.2594894,1.2597587,.0011880271,1.2585707,34.737171
2022,4,2026,.40959996,.56467187,.024936758,.99920857,.3617371,.36202362,1.8506098,1.8520756,.0043817488,1.8476938,34.737171
2022,5,2027,.32767996,.63247508,.038000599,.99815565,.37379435,.37448502,2.3316925,2.3360009,.010171982,2.325829,34.737171
2022,6,2028,.26214397,.68219918,.052197736,.9965409,.38424948,.38558325,2.7209423,2.730387,.018997382,2.7113895,34.737171
2022,7,2029,.20971517,.71757299,.067012236,.99430037,.39330965,.39556423,3.0334635,3.0508523,.03116118,3.0196912,34.737171
2022,8,2030,.16777214,.74157667,.082045905,.9913947,.4009302,.40441027,3.2821233,3.3106122,.046824235,3.263788,34.737171
2022,9,2031,.13421771,.75659168,.097003043,.9878124,.40693876,.41195956,3.4780843,3.5209968,.065993465,3.4550033,34.737171
2022,10,2032,.10737417,.76452041,.11167475,.98356932,.41121489,.41808429,3.6310201,3.6916769,.088534266,3.6031425,34.737171
2022,11,2033,.085899338,.76688224,.1259196,.97870117,.41382247,.42282823,3.7491393,3.8307292,.11421734,3.716512,34.737171
2022,12,2034,.068719469,.76489007,.13964826,.97325778,.41489375,.42629379,3.8392971,3.9447894,.14275317,3.8020363,34.737171
2022,13,2035,.054975577,.75951171,.15281257,.96729988,.41455609,.42857039,3.9071817,4.0392661,.17381038,3.8654556,34.737171
2022,14,2036,.043980461,.75151902,.16539513,.96089458,.41295975,.42976594,3.957469,4.1185255,.20703758,3.9114878,34.737171
2022,15,2037,.035184368,.74152714,.17739572,.95410722,.41035831,.43009663,3.9938798,4.1859865,.24210566,3.9438808,34.737171
2022,16,2038,.028147494,.73002583,.18882252,.94699585,.40701905,.42980024,4.0193,4.2442636,.27872905,3.9655347,34.737171
2022,17,2039,.022517996,.71740466,.19968551,.93960816,.40320426,.42911959,4.0358963,4.2952971,.31667897,3.9786181,34.737171
2022,18,2040,.018014397,.70397317,.20998684,.93197441,.3992424,.42838344,4.045146,4.3404045,.3558163,3.9845881,34.737171
2022,19,2041,.014411518,.68997675,.21971206,.92410034,.39551854,.42800388,4.0478611,4.3803263,.3961246,3.9842017,34.737171
2022,20,2042,.011529215,.67560965,.22883531,.9159742,.39225391,.42823684,4.0444145,4.4154239,.43767372,3.9777501,34.737171
2022,21,2043,.0092233717,.66102523,.2373347,.9075833,.38937673,.42902589,4.0350924,4.4459748,.48053306,3.9654417,34.737171
2022,22,2044,.0073786974,.64634424,.24520069,.89892364,.38668296,.43016219,4.0202675,4.4723125,.52472454,3.947588,34.737171
2022,23,2045,.0059029581,.63166136,.25244045,.89000475,.38392556,.43137473,4.0004663,4.4948821,.57019758,3.9246845,34.737171
2022,24,2046,.0047223666,.61705041,.25907031,.8808431,.38099083,.43252975,3.9762483,4.5141392,.61686718,3.8972721,34.737171
2022,25,2047,.0037778933,.60256863,.26512343,.87146997,.37767592,.43337801,3.9483037,4.5306249,.6645714,3.8660536,34.737171
2022,26,2048,.0030223145,.58825999,.2706463,.86192864,.37384531,.43373117,3.9174018,4.5449257,.71308708,3.8318386,34.737171
2022,27,2049,.0024178517,.57415795,.27569035,.85226613,.36948323,.43353036,3.8842816,4.5575924,.76217365,3.7954187,34.737171
2022,28,2050,.0019342813,.56028759,.28030565,.84252751,.36464787,.43280232,3.8495848,4.5690908,.81160367,3.7574873,34.737171
2022,29,2051,.0015474251,.54666728,.28453633,.83275104,.35944384,.43163422,3.8138163,4.5797796,.86118621,3.7185934,34.737171
2022,30,2052,.00123794,.53331006,.28841522,.82296324,.35403317,.43019319,3.7772961,4.5898724,.91079485,3.6790776,34.737171
2022,31,2053,.00099035201,.52022487,.29195821,.81317341,.34864095,.42874122,3.7401052,4.5993943,.96039915,3.6389952,34.737171
2022,32,2054,.00079228159,.50741732,.29515991,.80336952,.34353414,.4276166,3.7020526,4.6081567,1.0100902,3.5980663,34.737171
2022,33,2055,.00063382526,.49489033,.29798889,.79351306,.33902189,.42724174,3.6626439,4.6157322,1.0601132,3.555619,34.737171
2022,34,2056,.00050706021,.48264483,.30040044,.78355235,.33523163,.42783564,3.6212692,4.6216049,1.1107987,3.5108061,34.737171
2022,35,2057,.00040564817,.47068012,.30236816,.77345395,.3318941,.42910647,3.577611,4.6254997,1.1623842,3.4631157,34.737171
2022,36,2058,.00032451854,.45899424,.30389643,.76321518,.32861054,.4305608,3.5317743,4.6274948,1.214937,3.4125578,34.737171
2022,37,2059,.00025961484,.4475843,.3050136,.75285751,.3250989,.43181998,3.4841599,4.6279144,1.2683874,3.3595271,34.737171
2022,38,2060,.00020769188,.43644661,.30575192,.74240619,.32133269,.43282598,3.4351912,4.6271048,1.3226422,3.3044624,34.737171
2022,39,2061,.00016615351,.42557698,.3061243,.73186743,.31755498,.43389687,3.3850307,4.6251965,1.3777225,3.247474,34.737171
2022,40,2062,.00013292281,.41497079,.30612969,.72123343,.31392983,.43526798,3.3336592,4.6221638,1.4337357,3.1884279,34.737171
2022,41,2063,.00010633825,.40462309,.30576265,.71049207,.31050009,.43702117,3.2810059,4.6179347,1.4908191,3.1271157,34.737171
2022,42,2064,.000085070598,.39452878,.30503026,.69964409,.30711576,.43895999,3.2271492,4.6125584,1.5490339,3.0635245,34.737171
2022,43,2065,.000068056477,.38468257,.30394724,.68869787,.30368966,.44096211,3.1722555,4.6061645,1.6083927,2.9977717,34.737171
2022,44,2066,.000054445183,.37507913,.30252978,.67766333,.30020803,.4430047,3.116498,4.5988884,1.6688958,2.9299927,34.737171
2022,45,2067,.000043556145,.36571303,.30080384,.66656041,.2965683,.44492337,3.0601416,4.5909443,1.7304757,2.8604686,34.737171
2022,46,2068,.000034844918,.35657892,.29881909,.65543288,.2925289,.44631404,3.0036848,4.5827494,1.7929014,2.7898479,34.737171
2022,47,2069,.000027875934,.34767142,.29665518,.64435446,.28780028,.44664901,2.9479082,4.5749788,1.8557299,2.7192488,34.737171
2022,48,2070,.000022300748,.3389852,.29441553,.63342303,.28216931,.44546741,2.8937945,4.5685024,1.9183336,2.6501689,34.737171
2022,49,2071,.000017840599,.33051503,.29204127,.62257415,.2772893,.4453916,2.8406401,4.5627337,1.9811503,2.5815835,34.737171
2022,50,2072,.000014272479,.32225573,.28954273,.61181271,.27245978,.44533199,2.7884259,4.5576463,2.0441961,2.5134501,34.737171
2022,51,2073,.000011417984,.31420219,.28692979,.60114342,.26768127,.44528687,2.7371211,4.5531917,2.1074615,2.4457302,34.737171
2022,52,2074,9.1343873e-06,.30634943,.28421178,.59057033,.26295465,.44525543,2.6867001,4.5493312,2.1709378,2.3783934,34.737171
2022,53,2075,7.3075098e-06,.29869252,.28139761,.58009744,.25828081,.44523695,2.6371396,4.5460286,2.2346168,2.3114119,34.737171
2022,54,2076,5.8460078e-06,.29122669,.27849573,.56972826,.25366047,.44523063,2.5884182,4.5432506,2.2984903,2.2447603,34.737171
2022,55,2077,4.6768064e-06,.2839472,.27551413,.559466,.24909434,.44523588,2.5405157,4.5409651,2.362551,2.1784141,34.737171
2022,56,2078,3.7414452e-06,.27684945,.2724604,.5493136,.24458304,.44525212,2.493413,4.5391431,2.4267917,2.1123514,34.737171
2022,57,2079,2.9931562e-06,.26992896,.26934177,.53927374,.24012713,.44527873,2.4470932,4.5377569,2.491205,2.0465519,34.737171
2022,58,2080,2.3945249e-06,.26318133,.26616505,.52934879,.2357271,.44531527,2.4015393,4.5367808,2.555784,1.9809968,34.737171
2022,59,2081,1.9156200e-06,.25660229,.26293668,.51954091,.23138334,.44536117,2.3567362,4.53619,2.6205215,1.9156685,34.737171
2022,60,2082,1.5324961e-06,.25018761,.25966281,.50985193,.22709621,.445416,2.312669,4.5359621,2.6854119,1.8505502,34.737171
2022,61,2083,1.2259968e-06,.24393322,.25634921,.50028366,.222866,.44547927,2.2693241,4.5360746,2.750447,1.7856276,34.737171
2022,62,2084,9.8079749e-07,.23783512,.25300133,.49083742,.2186929,.44555059,2.2266879,4.5365081,2.8156214,1.7208867,34.737171
2022,63,2085,7.8463802e-07,.23188944,.24962439,.4815146,.21457709,.44562945,2.1847484,4.5372424,2.8809273,1.6563151,34.737171
2022,64,2086,6.2771039e-07,.22609237,.24622323,.47231624,.21051869,.44571555,2.1434934,4.538259,2.9463587,1.5919003,34.737171
2022,65,2087,5.0216829e-07,.22044018,.24280247,.46324316,.20651773,.44580847,2.1029115,4.5395412,3.0119088,1.5276325,34.737171
2022,66,2088,4.0173464e-07,.21492927,.23936646,.45429611,.20257419,.44590783,2.0629919,4.5410733,3.0775712,1.4635022,34.737171
2022,67,2089,3.2138772e-07,.20955612,.2359193,.44547573,.19868807,.44601324,2.0237238,4.5428376,3.1433387,1.3994989,34.737171
2022,68,2090,2.5711017e-07,.20431727,.23246482,.43678236,.19485927,.4461244,1.9850973,4.5448203,3.2092049,1.3356154,34.737171
2022,69,2091,2.0568814e-07,.19920939,.22900668,.42821628,.19108765,.44624096,1.9471028,4.547008,3.2751634,1.2718446,34.737171
2022,70,2092,1.6455051e-07,.1942292,.22554827,.41977763,.18737304,.44636261,1.9097308,4.549387,3.3412075,1.2081795,34.737171
2022,71,2093,1.3164041e-07,.18937351,.22209278,.41146642,.18371525,.44648907,1.872972,4.5519438,3.4073303,1.1446135,34.737171
2022,72,2094,1.0531232e-07,.1846392,.21864323,.40328255,.18011402,.4466199,1.8368179,4.5546675,3.473525,1.0811424,34.737171
2022,73,2095,8.4249862e-08,.18002324,.21520244,.39522576,.17656907,.44675496,1.8012596,4.5575461,3.5397854,1.0177608,34.737171
2022,74,2096,6.7399888e-08,.17552267,.21177304,.38729578,.17308015,.44689396,1.7662891,4.5605688,3.6061044,.95446444,34.737171
2022,75,2097,5.3919912e-08,.17113462,.2083575,.37949216,.16964687,.44703656,1.7318982,4.5637259,3.6724751,.89125085,34.737171
2022,76,2098,4.3135930e-08,.16685626,.20495811,.3718144,.16626891,.44718257,1.6980789,4.5670066,3.7388918,.82811475,34.737171
2022,77,2099,3.4508744e-08,.16268486,.20157702,.36426193,.1629459,.44733167,1.6648234,4.5704021,3.8053465,.76505566,34.737171
2022,78,2100,2.7606996e-08,.15861775,.19821624,.35683402,.1596774,.44748369,1.6321244,4.5739036,3.8718336,.70207,34.737171
2022,79,2101,2.2085597e-08,.15465231,.19487762,.34952995,.15646301,.44763836,1.5999744,4.5775032,3.9383459,.6391573,34.737171
2022,80,2102,1.7668478e-08,.15078601,.19156291,.34234893,.15330231,.44779551,1.5683661,4.5811915,4.0048766,.57631493,34.737171
